report_date,report_source,report_period,ext_massacres_cum,killed,killed_cum,ext_killed,ext_killed_cum,ext_killed_children_cum,ext_killed_women_cum,injured_cum,ext_injured,ext_injured_cum,ext_civdef_killed_cum,med_killed_cum,ext_med_killed_cum,press_killed_cum,ext_press_killed_cum,killed_recovered,killed_succumbed,killed_truce_new,killed_committee,child_famine_cum,famine_cum,aid_seeker_killed_cum,aid_seeker_injured_cum
2023-10-07,mohtel,24,0,232,232,232,232,0,0,1610,1610,1610,0,6,6,1,1,,,,,,,,
2023-10-08,mohtel,24,0,138,370,138,370,78,41,1788,178,1788,0,,6,1,1,,,,,,,,
2023-10-09,mohtel,24,8,190,560,190,560,91,61,2271,483,2271,0,6,6,3,3,,,,,,,,
2023-10-10,mohtel,24,8,340,900,340,900,260,230,4000,1729,4000,0,,6,7,7,,,,,,,,
2023-10-11,gmotel,24,23,200,1100,200,1100,398,230,5184,1184,5184,0,10,10,,7,,,,,,,,
2023-10-12,mohtel,24,23,317,1417,317,1417,500,276,5763,579,5763,0,11,11,,7,,,,,,,,
2023-10-13,missing,24,23,483,1900,483,1900,500,392,,1475,7238,0,11,11,,7,,,,,,,,
2023-10-14,gmotel,24,23,328,2228,328,2228,600,600,8714,1476,8714,0,11,11,,7,,,,,,,,
2023-10-15,gmotel,24,23,442,2670,442,2670,700,735,9200,486,9200,0,,11,,7,,,,,,,,
2023-10-16,gmotel,24,371,138,2808,138,2808,853,936,10850,1650,10850,7,37,37,,7,,,,,,,,
2023-10-17,gmotel,24,394,192,3000,192,3000,940,936,,607,11457,7,37,37,16,16,,,,,,,,
2023-10-18,mohtel,24,394,478,3478,478,3478,1000,936,12065,608,12065,7,,37,,16,,,,,,,,
2023-10-19,mohtel,24,394,307,3785,307,3785,1524,936,12493,428,12493,7,44,44,,16,,,,,,,,
2023-10-20,mohtel,24,431,352,4137,352,4137,1756,936,13162,669,13162,7,46,46,,16,,,,,,,,
2023-10-21,mohtel,24,460,248,4385,248,4385,1756,967,13561,399,13561,7,51,51,,16,,,,,,,,
2023-10-22,mohtel,24,484,266,4651,266,4651,1873,1023,14245,684,14245,7,54,54,,16,,,,,,,,
2023-10-23,mohtel,24,507,436,5087,436,5087,2055,1119,15273,1028,15273,7,57,57,,16,,,,,,,,
2023-10-24,mohtel,24,644,704,5791,704,5791,2360,1292,16297,1024,16297,7,65,65,,16,,,,,,,,
2023-10-25,mohtel,24,688,756,6547,756,6547,2704,1584,17439,1142,17439,7,73,73,,16,,,,,,,,
2023-10-26,mohtel,24,731,481,7028,481,7028,3038,1600,18482,1043,18482,7,101,101,,16,,,,,,,,
2023-10-27,mohtel,24,772,298,7326,298,7326,3038,1726,18967,485,18967,7,104,104,,16,,,,,,,,
2023-10-28,missing,24,772,377,7703,377,7703,3168,1916,,637,19604,7,,104,,16,,,,,,,,
2023-10-29,mohtel,24,881,302,8005,302,8005,3324,2062,20242,638,20242,7,116,116,,16,,,,,,,,
2023-10-30,gmotel,24,908,304,8309,304,8309,3457,2136,21048,806,21048,18,124,124,35,35,,,,,,,,
2023-10-31,mohtel,24,926,216,8525,216,8525,3542,2187,21543,495,21543,18,130,130,,35,,,,,,,,
2023-11-01,mohtel,24,950,280,8805,280,8805,3650,2252,22240,697,22240,18,132,132,,35,,,,,,,,
2023-11-02,mohtel,24,965,256,9061,256,9061,3760,2326,22911,671,22911,18,134,134,,35,,,,,,,,
2023-11-03,mohtel,24,997,196,9257,196,9257,3826,2405,23516,605,23516,18,136,136,,35,,,,,,,,
2023-11-04,mohtel,24,1006,228,9485,228,9485,3900,2509,24158,642,24158,18,150,150,,35,,,,,,,,
2023-11-05,mohtel,24,1031,285,9770,285,9770,4008,2550,24808,650,24808,18,175,175,,35,,,,,,,,
2023-11-06,gmotel,24,1031,252,10022,252,10022,4108,2610,25000,192,25000,18,192,192,,35,,,,,,,,
2023-11-07,mohtel,24,1071,306,10328,306,10328,4237,2719,25956,956,25956,18,192,192,,35,,,,,,,,
2023-11-08,mohtel,24,1098,241,10569,241,10569,4324,2823,26475,519,26475,18,193,193,,35,,,,,,,,
2023-11-09,mohtel,24,1118,249,10818,249,10818,4412,2918,26905,430,26905,18,195,195,,35,,,,,,,,
2023-11-10,mohtel,24,1130,260,11078,260,11078,4506,3027,27490,585,27490,20,198,198,49,49,,,,,,,,
2023-11-11,missing,24,1130,,,51,11129,4540,3044,,355,27845,20,,198,49,49,,,,,,,,
2023-11-12,gmotel,24,1142,,11180,51,11180,4609,3100,28200,355,28200,20,198,198,49,49,,,,,,,,
2023-11-13,gmotel,24,1153,,11240,60,11240,4630,3130,29000,800,29000,21,198,198,51,51,,,,,,,,
2023-11-14,gmotel,24,1165,,11320,80,11320,4650,3145,29200,200,29200,22,198,198,51,51,,,,,,,,
2023-11-15,gmotel,24,1200,,11500,180,11500,4710,3160,29800,600,29800,22,200,200,51,51,,,,,,,,
2023-11-16,missing,24,1200,,,500,12000,5000,3300,,100,29900,22,,200,51,51,,,,,,,,
2023-11-17,gmotel,24,1270,,12000,0,12000,5000,3300,30000,100,30000,22,200,200,51,51,,,,,,,,
2023-11-18,gmotel,24,1300,,12300,300,12300,5000,3300,30000,0,30000,22,200,200,56,56,,,,,,,,
2023-11-19,gmotel,24,1330,,13000,700,13000,5500,3500,30000,0,30000,22,201,201,60,60,,,,,,,,
2023-11-20,gmotel,24,1340,,13300,300,13300,5600,3550,31000,1000,31000,22,201,201,60,60,,,,,,,,
2023-11-21,gmotel,24,1354,,14128,828,14128,5840,3920,33000,2000,33000,22,205,205,,60,,,,,,,,
2023-11-22,gmotel,24,1384,,14532,404,14532,6000,4000,35000,2000,35000,25,205,205,64,64,,,,,,,,
2023-11-23,gmotel,24,1400,,14800,268,14800,6150,4000,36000,1000,36000,26,207,207,65,65,,,,,,,,
2023-11-24,missing,24,1400,,14800,0,14800,6150,4000,,0,36000,26,,207,,65,,,,,,,,
2023-11-25,missing,24,1400,,14800,0,14800,6150,4000,,0,36000,26,,207,67,67,,,,,,,,
2023-11-26,missing,24,1400,,14800,0,14800,6150,4000,,0,36000,26,,207,,67,,,,,,,,
2023-11-27,gmotel,24,1400,,14800,0,14800,6150,4000,36000,0,36000,26,207,207,70,70,,,,,,,,
2023-11-28,gmotel,24,1400,,14800,0,14800,6150,4000,36000,0,36000,26,207,207,70,70,,,,,,,,
2023-11-29,missing,24,1400,,14800,0,14800,6150,4000,,0,36000,26,,207,70,70,,,,,,,,
2023-11-30,missing,24,1400,,14800,0,14800,6150,4000,,0,36000,26,,207,70,70,,,,,,,,
2023-12-01,mohtel,24,1400,,14800,0,14800,6150,4000,37000,1000,37000,26,280,280,73,73,,,,,,,,
2023-12-02,mohtel,24,1450,407,15207,407,15207,6387,4257,40652,3652,40652,26,280,280,76,76,,,,,,,,
2023-12-03,mohtel,24,1473,316,15523,316,15523,6600,4300,41316,664,41316,26,281,281,77,77,,,,,,,,
2023-12-04,mohtel,24,1473,376,15899,376,15899,6800,4500,42000,684,42000,26,283,283,,77,,,,,,,,
2023-12-05,gmotel,24,1550,725,16248,349,16248,7112,4885,43616,1616,43616,32,286,286,81,81,,,,,,,,
2023-12-06,missing,24,1550,,,579,16827,7550,5000,,1192,44808,32,,286,,81,,,,,,,,
2023-12-07,mohtel,24,1576,350,17177,350,17177,7729,5153,46000,1192,46000,32,290,290,81,81,,,,,,,,
2023-12-08,mohtel,24,1576,313,17487,310,17487,7729,5246,46480,480,46480,32,,295,,81,,,,,,,,
2023-12-09,mohtel,24,1596,210,17700,213,17700,7870,6121,48780,2300,48780,32,295,295,,81,,,,,,,,
2023-12-10,mohtel,24,1617,297,17997,297,17997,7875,6130,49229,449,49229,32,296,296,,81,,,,,,,,
2023-12-11,mohtel,24,1636,208,18205,208,18205,7900,6150,49645,416,49645,32,,296,,81,,,,,,,,
2023-12-12,mohtel,24,1644,207,18412,207,18412,8000,6200,50100,455,50100,32,300,300,86,86,,,,,,,,
2023-12-13,mohtel,24,1660,196,18608,196,18608,8000,6200,50594,494,50594,32,300,300,,86,,,,,,,,
2023-12-14,mohtel,24,1678,179,18787,179,18787,8000,6200,50897,303,50897,32,300,300,,86,,,,,,,,
2023-12-15,gmotel,24,1680,,18800,13,18800,8000,6200,51000,103,51000,32,300,300,89,89,,,,,,,,
2023-12-16,missing,24,1680,,,217,19017,8000,6200,,200,51200,32,,300,,89,,,,,,,,
2023-12-17,missing,24,1680,,,218,19235,8000,6200,,543,51743,32,,300,,89,,,,,,,,
2023-12-18,mohtel,24,1696,151,19453,218,19453,8000,6200,52286,543,52286,32,300,300,96,96,,,,,,,,
2023-12-19,mohtel,24,1697,214,19667,214,19667,8000,6200,52586,300,52586,35,310,310,97,97,,,,,,,,
2023-12-20,mohtel,24,1697,,,130,19797,8000,6200,,245,52831,35,310,310,97,97,,,,,,,,
2023-12-21,mohtel,24,1697,,,130,19927,8000,6200,,244,53075,35,,310,,97,,,,,,,,
2023-12-22,mohtel,24,1697,390,20057,130,20057,8000,6200,53320,245,53320,35,,310,,97,,,,,,,,
2023-12-23,mohtel,24,1697,201,20258,201,20258,8200,6200,53688,368,53688,35,310,310,100,100,,,,,,,,
2023-12-24,mohtel,24,1697,166,20424,166,20424,8200,6200,54036,348,54036,35,,310,,97,,,,,,,,
2023-12-25,mohtel,24,1745,250,20674,250,20674,8500,6300,54536,500,54536,40,311,311,103,103,,,,,,,,
2023-12-26,mohtel,24,1763,241,20915,241,20915,8500,6300,54918,382,54918,40,,311,,103,,,,,,,,
2023-12-27,mohtel,24,1779,195,21110,195,21110,8800,6300,55243,325,55243,40,311,311,103,103,,,,,,,,
2023-12-28,mohtel,24,1799,210,21320,210,21320,8800,6300,55603,360,55603,40,,311,,103,,,,,,,,
2023-12-29,mohtel,24,1799,187,21507,187,21507,8800,6300,55915,312,55915,40,,311,,103,,,,,,,,
2023-12-30,mohtel,24,1813,165,21672,165,21672,9000,6450,56165,250,56165,40,312,312,106,106,,,,,,,,
2023-12-31,mohtel,24,1825,150,21822,150,21822,9100,6500,56451,286,56451,40,312,312,106,106,,,,,,,,
2024-01-01,mohtel,24,1838,156,21978,156,21978,9280,6600,56697,246,56697,40,326,326,106,106,,,,,,,,
2024-01-02,mohtel,24,1853,207,22185,207,22185,9280,6600,57035,338,57035,40,,326,,106,,,,,,,,
2024-01-03,mohtel,24,1863,128,22313,128,22313,9400,6700,57296,261,57296,40,,326,,106,,,,,,,,
2024-01-04,mohtel,24,1876,125,22438,125,22438,9730,6830,57614,318,57614,40,326,326,,106,,,,,,,,
2024-01-05,mohtel,24,1891,162,22600,162,22600,9730,6830,57910,296,57910,40,,326,,106,,,,,,,,
2024-01-06,mohtel,24,1903,122,22722,122,22722,10000,7000,58166,256,58166,40,,326,,106,,,,,,,,
2024-01-07,mohtel,24,1915,113,22835,113,22835,10000,7000,58416,250,58416,40,,326,,106,,,,,,,,
2024-01-08,mohtel,24,1932,249,23084,249,23084,10000,7000,58926,510,58926,40,,326,,106,,,,,,,,
2024-01-09,mohtel,24,1944,126,23210,126,23210,10000,7000,59167,241,59167,40,,326,,106,,,,,,,,
2024-01-10,mohtel,24,1958,147,23357,147,23357,10000,7000,59410,243,59410,40,,326,,106,,,,,,,,
2024-01-11,mohtel,24,1968,112,23469,112,23469,10300,7100,59604,194,59604,40,337,337,,106,,,,,,,,
2024-01-12,mohtel,24,1981,151,23708,239,23708,10300,7100,60005,401,60005,40,,337,,106,,,,,,,,
2024-01-13,mohtel,24,1993,135,23843,135,23843,10400,7100,60317,312,60317,45,337,337,117,117,,,,,,,,
2024-01-14,mohtel,24,2004,125,23968,125,23968,10600,7200,60582,265,60582,45,337,337,,117,,,,,,,,
2024-01-15,mohtel,24,2016,132,24100,132,24100,10600,7200,60834,252,60834,45,,337,118,118,,,,,,,,
2024-01-16,mohtel,24,2031,158,24285,185,24285,10600,7200,61154,320,61154,45,,337,,118,,,,,,,,
2024-01-17,mohtel,24,2031,163,24448,163,24448,10600,7200,61504,350,61504,45,,337,,118,,,,,,,,
2024-01-18,mohtel,24,2046,172,24620,172,24620,10800,7250,61830,326,61830,45,337,337,119,119,,,,,,,,
2024-01-19,mohtel,24,2058,142,24762,142,24762,10800,7250,62108,278,62108,45,,337,119,119,,,,,,,,
2024-01-20,mohtel,24,2072,165,24927,165,24927,10800,7250,62388,280,62388,45,,337,,119,,,,,,,,
2024-01-21,mohtel,24,2087,178,25105,178,25105,10800,7250,62681,293,62681,45,,337,,119,,,,,,,,
2024-01-22,mohtel,24,2119,190,25295,190,25295,11000,7500,63000,319,63000,45,337,337,119,119,,,,,,,,
2024-01-23,mohtel,24,2141,195,25490,195,25490,11000,7500,63354,354,63354,45,,337,,119,,,,,,,,
2024-01-24,mohtel,24,2165,210,25700,210,25700,11000,7500,63740,386,63740,45,,337,,119,,,,,,,,
2024-01-25,mohtel,24,2186,200,25900,200,25900,11000,7500,64110,370,64110,45,,337,,119,,,,,,,,
2024-01-26,mohtel,24,2205,183,26083,183,26083,11000,7500,64487,377,64487,45,,337,,119,,,,,,,,
2024-01-27,mohtel,24,2223,174,26257,174,26257,11000,7500,64797,310,64797,45,,337,120,120,,,,,,,,
2024-01-28,mohtel,24,2242,165,26422,165,26422,11000,7500,65087,290,65087,45,,337,,120,,,,,,,,
2024-01-29,mohtel,24,2256,215,26637,215,26637,11000,7500,65387,300,65387,45,,337,122,122,,,,,,,,
2024-01-30,mohtel,24,2269,114,26751,114,26751,11500,8000,65636,249,65636,46,339,339,122,122,,,,,,,,
2024-01-31,mohtel,24,2285,149,26900,149,26900,11500,8000,65949,313,65949,46,,339,,122,,,,,,,,
2024-02-01,mohtel,24,2300,119,27019,119,27019,11500,8000,66139,190,66139,46,,339,,122,,,,,,,,
2024-02-02,mohtel,24,2313,112,27131,112,27131,11500,8000,66287,148,66287,46,,339,,122,,,,,,,,
2024-02-03,mohtel,24,2325,107,27238,107,27238,12000,8190,66452,165,66452,46,339,339,122,122,,,,,,,,
2024-02-04,mohtel,24,2339,127,27365,127,27365,12000,8190,66630,178,66630,46,,339,,122,,,,,,,,
2024-02-05,mohtel,24,2352,113,27478,113,27478,12000,8190,66835,205,66835,46,,339,,122,,,,,,,,
2024-02-06,mohtel,24,2364,107,27585,107,27585,12000,8190,66978,143,66978,46,,339,,122,,,,,,,,
2024-02-07,mohtel,24,2380,123,27708,123,27708,12000,8190,67147,169,67147,46,,339,123,123,,,,,,,,
2024-02-08,mohtel,24,2395,132,27840,132,27840,12150,8300,67317,170,67317,46,340,340,124,124,,,,,,,,
2024-02-09,mohtel,24,2408,107,27947,107,27947,12150,8300,67459,142,67459,46,,340,,124,,,,,,,,
2024-02-10,mohtel,24,2424,117,28064,117,28064,12150,8300,67611,152,67611,46,,340,,124,,,,,,,,
2024-02-11,mohtel,24,2438,112,28176,112,28176,12300,8400,67784,173,67784,46,340,340,124,124,,,,,,,,
2024-02-12,mohtel,24,2457,164,28340,164,28340,12300,8400,67984,200,67984,46,,340,126,126,,,,,,,,
2024-02-13,mohtel,24,2473,133,28473,133,28473,12300,8400,68146,162,68146,46,,340,,126,,,,,,,,
2024-02-14,mohtel,24,2484,103,28576,103,28576,12300,8400,68291,145,68291,46,,340,,126,,,,,,,,
2024-02-15,mohtel,24,2493,87,28663,87,28663,12300,8400,68395,104,68395,46,,340,,126,,,,,,,,
2024-02-16,mohtel,24,2503,112,28775,112,28775,12660,8570,68552,157,68552,46,340,340,130,130,,,,,,,,
2024-02-17,mohtel,24,2512,83,28858,83,28858,12660,8570,68677,125,68677,46,340,340,130,130,,,,,,,,
2024-02-18,mohtel,24,2525,127,28985,127,28985,12660,8570,68883,206,68883,46,,340,,130,,,,,,,,
2024-02-19,mohtel,24,2534,107,29092,107,29092,12660,8570,69028,145,69028,46,,340,,130,,,,,,,,
2024-02-20,mohtel,24,2543,103,29195,103,29195,12660,8570,69170,142,69170,46,,340,,130,,,,,,,,
2024-02-21,mohtel,24,2554,118,29313,118,29313,12660,8570,69333,163,69333,46,,340,,130,,,,,,,,
2024-02-22,mohtel,24,2563,97,29410,97,29410,12660,8570,69465,132,69465,46,,340,,130,,,,,,,,
2024-02-23,mohtel,24,2573,104,29514,104,29514,13000,8800,69616,151,69616,47,340,340,132,132,,,,,,,,
2024-02-24,mohtel,24,2581,92,29606,92,29606,13000,8800,69737,121,69737,47,,340,,132,,,,,,,,
2024-02-25,mohtel,24,2589,86,29692,86,29692,13000,8800,69879,142,69879,47,,340,,132,,,,,,,,
2024-02-26,mohtel,24,2599,90,29782,90,29782,13000,8800,70043,164,70043,47,,340,,132,,,,,,,,
2024-02-27,mohtel,24,2610,96,29878,96,29878,13000,8800,70215,172,70215,47,,340,,132,,,,,,,,
2024-02-28,mohtel,24,2618,76,29954,76,29954,13000,8800,70325,110,70325,47,,340,,132,,,,,,,,
2024-02-29,mohtel,24,2627,81,30035,81,30035,13230,8860,70457,132,70457,47,340,340,132,132,,,,,,,,
2024-03-01,mohtel,24,2643,193,30228,193,30228,13230,8860,71377,920,71377,47,,340,,132,,,,,,,,
2024-03-02,mohtel,24,2653,92,30320,92,30320,13230,8860,71533,156,71533,47,,340,,132,,,,,,,,
2024-03-03,mohtel,24,2662,90,30410,90,30410,13230,8860,71710,177,71710,47,342,342,,132,,,,,,,,
2024-03-04,mohtel,24,2675,124,30534,124,30534,13430,8900,71920,210,71920,48,364,364,132,132,,,,,,,,
2024-03-05,mohtel,24,2685,97,30631,97,30631,13430,8900,72043,123,72043,48,,364,,132,,,,,,,,
2024-03-06,mohtel,24,2694,86,30717,86,30717,13430,8900,72156,113,72156,48,,364,133,133,,,,,,,,
2024-03-07,mohtel,24,2703,83,30800,83,30800,13430,8900,72298,142,72298,48,,364,,133,,,,,,,,
2024-03-08,mohtel,24,2711,78,30878,78,30878,13430,8900,72402,104,72402,48,,364,,133,,,,,,,,
2024-03-09,mohtel,24,2713,82,30960,82,30960,13500,9000,72524,122,72524,48,364,364,133,133,,,,,,,,
2024-03-10,mohtel,24,2721,85,31045,85,31045,13500,9000,72654,130,72654,48,,364,,133,,,,,,,,
2024-03-11,mohtel,24,2728,67,31112,67,31112,13500,9000,72760,106,72760,48,,364,,133,,,,,,,,
2024-03-12,mohtel,24,2736,72,31184,72,31184,13500,9000,72889,129,72889,48,,364,,133,,,,,,,,
2024-03-13,mohtel,24,2746,88,31272,88,31272,13500,9000,73024,135,73024,48,,364,,133,,,,,,,,
2024-03-14,mohtel,24,2761,69,31341,69,31341,13790,9100,73134,110,73134,48,364,364,133,133,,,,,,,,
2024-03-15,mohtel,24,2774,149,31490,149,31490,13790,9100,73434,300,73434,48,,364,,133,,,,,,,,
2024-03-16,mohtel,24,2781,63,31553,63,31553,13790,9100,73546,112,73546,48,,364,,133,,,,,,,,
2024-03-17,mohtel,24,2790,92,31645,92,31645,13790,9100,73676,130,73676,48,,364,,133,,,,,,,,
2024-03-18,mohtel,24,2798,81,31726,81,31726,13790,9100,73792,116,73792,48,,364,,133,,,,,,,,
2024-03-19,mohtel,24,2807,93,31819,93,31819,14000,9220,73934,142,73934,48,364,364,135,135,,,,,,,,
2024-03-20,mohtel,24,2817,104,31923,104,31923,14000,9220,74096,162,74096,48,,364,,135,,,,,,,,
2024-03-21,mohtel,24,2824,65,31988,65,31988,14000,9220,74188,92,74188,48,,364,,135,,,,,,,,
2024-03-22,mohtel,24,2833,82,32070,82,32070,14000,9220,74298,110,74298,48,,364,,135,,,,,,,,
2024-03-23,mohtel,24,2840,72,32142,72,32142,14000,9220,74412,114,74412,48,,364,,135,,,,,,,,
2024-03-24,mohtel,24,2848,84,32226,84,32226,14280,9340,74518,106,74518,48,364,364,136,136,,,,,,,,
2024-03-25,mohtel,24,2859,107,32333,107,32333,14280,9340,74694,176,74694,48,,364,,136,,,,,,,,
2024-03-26,mohtel,24,2867,81,32414,81,32414,14280,9340,74787,93,74787,48,,364,,136,,,,,,,,
2024-03-27,mohtel,24,2875,76,32490,76,32490,14280,9340,74889,102,74889,48,,364,,136,,,,,,,,
2024-03-28,mohtel,24,2881,62,32552,62,32552,14280,9340,74980,91,74980,48,,364,,136,,,,,,,,
2024-03-29,mohtel,24,2888,71,32623,71,32623,14350,9460,75092,112,75092,48,364,364,136,136,,,,,,,,
2024-03-30,mohtel,24,2896,82,32705,82,32705,14350,9460,75190,98,75190,48,,364,,136,,,,,,,,
2024-03-31,mohtel,24,2904,77,32782,77,32782,14350,9460,75298,108,75298,48,,364,137,137,,,,,,,,
2024-04-01,mohtel,24,2910,63,32845,63,32845,14350,9460,75392,94,75392,48,,364,138,138,,,,,,,,
2024-04-02,mohtel,24,2917,71,32916,71,32916,14350,9460,75494,102,75494,48,,364,,138,,,,,,,,
2024-04-03,mohtel,24,2922,59,32975,59,32975,14500,9560,75577,83,75577,65,484,484,140,140,,,,,,,,
2024-04-04,mohtel,24,2928,62,33037,62,33037,14500,9560,75668,91,75668,65,,484,,140,,,,,,,,
2024-04-05,mohtel,24,2933,54,33091,54,33091,14500,9560,75750,82,75750,65,,484,,140,,,,,,,,
2024-04-06,mohtel,24,2937,46,33137,46,33137,14500,9560,75815,65,75815,65,,484,,140,,,,,,,,
2024-04-07,mohtel,24,2941,38,33175,38,33175,14500,9560,75886,71,75886,65,,484,,140,,,,,,,,
2024-04-08,mohtel,24,2941,32,33207,32,33207,14520,9568,75933,47,75933,65,485,485,140,140,,,,,,,,
2024-04-09,mohtel,24,2948,153,33360,153,33360,14520,9568,75993,60,75993,65,,485,,140,,,,,,,,
2024-04-10,mohtel,24,2954,122,33482,122,33482,14520,9568,76049,56,76049,65,,485,,140,,,,,,,,
2024-04-11,mohtel,24,2960,63,33545,63,33545,14520,9568,76094,45,76094,65,,485,,140,,,,,,,,
2024-04-12,mohtel,24,2968,89,33634,89,33634,14520,9568,76214,120,76214,65,,485,,140,,,,,,,,
2024-04-13,mohtel,24,2973,52,33686,52,33686,14560,9582,76309,95,76309,66,485,485,140,140,,,,,,,,
2024-04-14,mohtel,24,2977,43,33729,43,33729,14560,9582,76371,62,76371,66,,485,,140,,,,,,,,
2024-04-15,mohtel,24,2984,68,33797,68,33797,14560,9582,76465,94,76465,66,,485,,140,,,,,,,,
2024-04-16,mohtel,24,2989,46,33843,46,33843,14560,9582,76575,110,76575,66,,485,,140,,,,,,,,
2024-04-17,mohtel,24,2995,56,33899,56,33899,14560,9582,76664,89,76664,66,,485,,140,,,,,,,,
2024-04-18,mohtel,24,3002,71,33970,71,33970,14685,9670,76770,106,76770,66,485,485,140,140,,,,,,,,
2024-04-19,mohtel,24,3006,42,34012,42,34012,14685,9670,76833,63,76833,66,,485,,140,,,,,,,,
2024-04-20,mohtel,24,3010,37,34049,37,34049,14685,9670,76901,68,76901,66,,485,,140,,,,,,,,
2024-04-21,mohtel,24,3015,48,34097,48,34097,14685,9670,76980,79,76980,66,,485,,140,,,,,,,,
2024-04-22,mohtel,24,3021,54,34151,54,34151,14685,9670,77084,104,77084,66,,485,,140,,,,,,,,
2024-04-23,mohtel,24,3025,32,34183,32,34183,14778,9752,77143,59,77143,67,485,485,140,140,,,,,,,,
2024-04-24,mohtel,24,3031,79,34262,79,34262,14778,9752,77229,86,77229,67,,485,,140,,,,,,,,
2024-04-25,mohtel,24,3036,43,34305,43,34305,14778,9752,77293,64,77293,67,,485,141,141,,,,,,,,
2024-04-26,mohtel,24,3041,51,34356,51,34356,14778,9752,77368,75,77368,67,,485,,141,,,,,,,,
2024-04-27,mohtel,24,3045,32,34388,32,34388,14778,9752,77437,69,77437,67,,485,,141,,,,,,,,
2024-04-28,mohtel,24,3052,66,34454,66,34454,14873,9801,77575,138,77575,67,491,491,141,141,,,,,,,,
2024-04-29,mohtel,24,3055,34,34488,34,34488,14873,9801,77643,68,77643,67,,491,,141,,,,,,,,
2024-04-30,mohtel,24,3060,47,34535,47,34535,14873,9801,77704,61,77704,67,,491,,141,,,,,,,,
2024-05-01,mohtel,24,3064,33,34568,33,34568,14873,9801,77765,61,77765,67,,491,,141,,,,,,,,
2024-05-02,mohtel,24,3067,28,34596,28,34596,14873,9801,77816,51,77816,67,,491,,141,,,,,,,,
2024-05-03,mohtel,24,3070,26,34622,26,34622,14944,9849,77867,51,77867,68,492,492,141,141,,,,,,,,
2024-05-04,mohtel,24,3073,32,34654,32,34654,14944,9849,77908,41,77908,68,,492,,141,,,,,,,,
2024-05-05,mohtel,24,3076,29,34683,29,34683,14944,9849,78018,110,78018,68,,492,,141,,,,,,,,
2024-05-06,mohtel,24,3081,52,34735,52,34735,14944,9849,78108,90,78108,68,,492,142,142,,,,,,,,
2024-05-07,mohtel,24,3087,54,34789,54,34789,14944,9849,78204,96,78204,68,,492,,142,,,,,,,,
2024-05-08,mohtel,24,3094,55,34844,55,34844,15002,9893,78404,200,78404,68,492,492,142,142,,,,,,,,
2024-05-09,mohtel,24,3098,60,34904,60,34904,15002,9893,78514,110,78514,68,,492,,142,,,,,,,,
2024-05-10,mohtel,24,3104,39,34943,39,34943,15002,9893,78572,58,78572,68,,492,,142,,,,,,,,
2024-05-11,mohtel,24,3108,28,34971,28,34971,15002,9893,78641,69,78641,68,,492,143,143,,,,,,,,
2024-05-12,mohtel,24,3116,63,35034,63,35034,15002,9893,78755,114,78755,68,,492,,143,,,,,,,,
2024-05-13,mohtel,24,3123,57,35091,57,35091,15103,9961,78827,72,78827,69,492,492,143,143,,,,,,,,
2024-05-14,mohtel,24,3131,82,35173,82,35173,15103,9961,79061,234,79061,69,,492,,143,,,,,,,,
2024-05-15,mohtel,24,3136,60,35233,60,35233,15103,9961,79141,80,79141,69,,492,,143,,,,,,,,
2024-05-16,mohtel,24,3140,39,35272,39,35272,15103,9961,79205,64,79205,69,,492,147,147,,,,,,,,
2024-05-17,mohtel,24,3144,31,35303,31,35303,15103,9961,79261,56,79261,69,,492,,147,,,,,,,,
2024-05-18,mohtel,24,3153,83,35386,83,35386,15162,10018,79366,105,79366,69,492,492,147,147,,,,,,,,
2024-05-19,mohtel,24,3161,70,35456,70,35456,15162,10018,79476,110,79476,69,,492,,147,,,,,,,,
2024-05-20,mohtel,24,3171,106,35562,106,35562,15162,10018,79652,176,79652,69,,492,,147,,,,,,,,
2024-05-21,mohtel,24,3176,85,35647,85,35647,15162,10018,79852,200,79852,69,,492,,147,,,,,,,,
2024-05-22,mohtel,24,3182,62,35709,62,35709,15162,10018,79990,138,79990,69,,492,,147,,,,,,,,
2024-05-23,mohtel,24,3191,91,35800,91,35800,15239,10093,80200,210,80200,69,493,493,147,147,,,,,,,,
2024-05-24,mohtel,24,3197,57,35857,57,35857,15239,10093,80293,93,80293,69,,493,,147,,,,,,,,
2024-05-25,mohtel,24,3202,46,35903,46,35903,15239,10093,80420,127,80420,69,,493,,147,,,,,,,,
2024-05-26,mohtel,24,3210,81,35984,81,35984,15239,10093,80643,223,80643,69,,493,,147,,,,,,,,
2024-05-27,mohtel,24,3217,66,36050,66,36050,15239,10093,81026,383,81026,69,495,495,,147,,,,,,,,
2024-05-28,mohtel,24,3222,46,36096,46,36096,15328,10171,81136,110,81136,69,496,496,147,147,,,,,,,,
2024-05-29,mohtel,24,3228,75,36171,75,36171,15328,10171,81420,284,81420,69,,496,,147,,,,,,,,
2024-05-30,mohtel,24,3233,53,36224,53,36224,15328,10171,81777,357,81777,69,498,498,,147,,,,,,,,
2024-05-31,mohtel,24,3238,60,36284,60,36284,15328,10171,82057,280,82057,69,,498,,147,,,,,,,,
2024-06-01,mohtel,24,3243,95,36379,95,36379,15328,10171,82407,350,82407,69,,498,,147,,,,,,,,
2024-06-02,mohtel,24,3247,60,36439,60,36439,15348,10231,82627,220,82627,70,498,498,147,147,,,,,,,,
2024-06-03,mohtel,24,3251,40,36479,40,36479,15348,10231,82777,150,82777,70,,498,,147,,,,,,,,
2024-06-04,mohtel,24,3258,71,36550,71,36550,15348,10231,82959,182,82959,70,,498,,147,,,,,,,,
2024-06-05,mohtel,24,3262,36,36586,36,36586,15348,10231,83074,115,83074,70,,498,,147,,,,,,,,
2024-06-06,mohtel,24,3268,68,36654,68,36654,15348,10231,83309,235,83309,70,,498,,147,,,,,,,,
2024-06-07,mohtel,24,3276,77,36731,77,36731,15517,10279,83530,221,83530,70,498,498,147,147,,,,,,,,
2024-06-08,mohtel,24,3281,70,36801,70,36801,15517,10279,83680,150,83680,70,,498,,147,,,,,,,,
2024-06-09,mohtel,24,3289,283,37084,283,37084,15517,10279,84494,814,84494,70,,498,150,150,,,,,,,,
2024-06-10,mohtel,24,3294,40,37124,40,37124,15517,10279,84712,218,84712,70,,498,,150,,,,,,,,
2024-06-11,mohtel,24,3297,40,37164,40,37164,15517,10279,84832,120,84832,70,,498,,150,,,,,,,,
2024-06-12,mohtel,24,3300,38,37202,38,37202,15694,10367,84932,100,84932,70,498,498,150,150,,,,,,,,
2024-06-13,mohtel,24,3303,30,37232,30,37232,15694,10367,85037,105,85037,70,,498,,150,,,,,,,,
2024-06-14,mohtel,24,3307,34,37266,34,37266,15694,10367,85102,65,85102,70,,498,,150,,,,,,,,
2024-06-15,mohtel,24,3310,30,37296,30,37296,15694,10367,85197,95,85197,70,,498,,150,,,,,,,,
2024-06-16,mohtel,24,3313,41,37337,41,37337,15694,10367,85299,102,85299,70,,498,,150,,,,,,,,
2024-06-17,mohtel,24,3315,10,37347,10,37347,15747,10406,85372,73,85372,70,498,498,151,151,,,,,,,,
2024-06-18,mohtel,24,3318,25,37372,25,37372,15747,10406,85452,80,85452,70,,498,,151,,,,,,,,
2024-06-19,mohtel,24,3321,24,37396,24,37396,15747,10406,85523,71,85523,70,,498,,151,,,,,,,,
2024-06-20,mohtel,24,3325,35,37431,35,37431,15747,10406,85653,130,85653,70,,498,,151,,,,,,,,
2024-06-21,mohtel,24,3328,19,37450,19,37450,15747,10406,85742,89,85742,70,,498,,151,,,,,,,,
2024-06-22,mohtel,24,3331,101,37551,101,37551,15821,10475,85911,169,85911,70,499,499,152,152,,,,,,,,
2024-06-23,mohtel,24,3334,47,37598,47,37598,15821,10475,86032,121,86032,70,,499,,152,,,,,,,,
2024-06-24,mohtel,24,3334,28,37626,28,37626,15821,10475,86098,66,86098,70,,499,,152,,,,,,,,
2024-06-25,mohtel,24,3337,32,37658,32,37658,15821,10475,86237,139,86237,70,,499,,152,,,,,,,,
2024-06-26,mohtel,24,3341,60,37718,60,37718,15821,10475,86377,140,86377,70,,499,,152,,,,,,,,
2024-06-27,mohtel,24,3344,47,37765,47,37765,15882,10538,86429,52,86429,74,500,500,152,152,,,,,,,,
2024-06-28,mohtel,24,3348,29,37794,29,37794,15882,10538,86634,205,86634,74,,500,,152,,,,,,,,
2024-06-29,mohtel,24,3351,40,37834,40,37834,15882,10538,86858,224,86858,74,,500,,152,,,,,,,,
2024-06-30,mohtel,24,3354,43,37877,43,37877,15882,10538,86969,111,86969,74,,500,,152,,,,,,,,
2024-07-01,mohtel,24,3356,23,37900,23,37900,15882,10538,87060,91,87060,74,,500,153,153,,,,,,,,
2024-07-02,mohtel,24,3359,25,37925,25,37925,15919,10569,87141,81,87141,75,500,500,153,153,,,,,,,,
2024-07-03,mohtel,24,3362,28,37953,28,37953,15919,10569,87266,125,87266,75,,500,,153,,,,,,,,
2024-07-04,mohtel,24,3366,58,38011,58,38011,15919,10569,87445,179,87445,75,,500,,153,,,,,,,,
2024-07-05,mohtel,24,3370,58,38069,58,38069,15919,10569,87605,160,87605,75,,500,,153,,,,,,,,
2024-07-06,mohtel,24,3373,29,38098,29,38098,15919,10569,87705,100,87705,75,,500,158,158,,,,,,,,
2024-07-07,mohtel,24,3376,55,38153,55,38153,15983,10637,87828,123,87828,75,500,500,158,158,,,,,,,,
2024-07-08,mohtel,24,3379,40,38193,40,38193,15983,10637,87903,75,87903,75,,500,,158,,,,,,,,
2024-07-09,mohtel,24,3382,50,38243,50,38243,15983,10637,88033,130,88033,75,,500,,158,,,,,,,,
2024-07-10,mohtel,24,3386,52,38295,52,38295,15983,10637,88241,208,88241,75,,500,,158,,,,,,,,
2024-07-11,mohtel,24,3388,50,38345,50,38345,16054,10700,88295,54,88295,75,500,500,158,158,,,,,,,,
2024-07-12,mohtel,24,3391,37,38382,37,38382,16054,10700,88352,57,88352,75,,500,,158,,,,,,,,
2024-07-13,mohtel,24,3395,61,38443,61,38443,16054,10700,88481,129,88481,75,,500,,158,,,,,,,,
2024-07-14,mohtel,24,3399,141,38584,141,38584,16054,10700,88881,400,88881,75,,500,,158,,,,,,,,
2024-07-15,mohtel,24,3402,80,38664,80,38664,16054,10700,89097,216,89097,75,,500,,158,,,,,,,,
2024-07-16,mohtel,24,3404,49,38713,49,38713,16054,10700,89166,69,89166,75,,500,160,160,,,,,,,,
2024-07-17,mohtel,24,3408,81,38794,81,38794,16172,10798,89364,198,89364,79,500,500,160,160,,,,,,,,
2024-07-18,mohtel,24,3411,54,38848,54,38848,16172,10798,89459,95,89459,79,,500,,160,,,,,,,,
2024-07-19,mohtel,24,3414,34,38882,34,38882,16172,10798,89568,109,89568,79,,500,,160,,,,,,,,
2024-07-20,mohtel,24,3418,37,38919,37,38919,16172,10798,89622,54,89622,79,,500,161,161,,,,,,,,
2024-07-21,mohtel,24,3422,64,38983,64,38983,16172,10798,89727,105,89727,79,,500,162,162,,,,,,,,
2024-07-22,mohtel,24,3425,23,39006,23,39006,16251,10859,89818,91,89818,79,500,500,163,163,,,,,,,,
2024-07-23,mohtel,24,3433,84,39090,84,39090,16251,10859,90147,329,90147,79,,500,,163,,,,,,,,
2024-07-24,mohtel,24,3436,55,39145,55,39145,16251,10859,90257,110,90257,79,,500,,163,,,,,,,,
2024-07-25,mohtel,24,3439,30,39175,30,39175,16251,10859,90403,146,90403,79,,500,,163,,,,,,,,
2024-07-26,mohtel,24,3439,42,39217,42,39217,16251,10859,90486,83,90486,79,,500,,163,,,,,,,,
2024-07-27,mohtel,24,3443,41,39258,41,39258,16251,10921,90589,103,90589,79,885,885,163,163,,,,,,,,
2024-07-28,mohtel,24,3446,66,39324,66,39324,16251,10921,90830,241,90830,79,,885,,163,,,,,,,,
2024-07-29,mohtel,24,3449,39,39363,39,39363,16251,10921,90923,93,90923,79,,885,,163,,,,,,,,
2024-07-30,mohtel,24,3452,37,39400,37,39400,16251,10921,90996,73,90996,79,,885,,163,,,,,,,,
2024-07-31,mohtel,24,3455,45,39445,45,39445,16251,10921,91073,77,91073,79,,885,,163,,,,,,,,
2024-08-01,mohtel,24,3457,35,39480,35,39480,16314,10980,91128,55,91128,79,885,885,165,165,,,,,,,,
2024-08-02,mohtel,24,3460,39,39519,39,39519,16314,10980,91218,90,91218,79,,885,,165,,,,,,,,
2024-08-03,mohtel,24,3463,31,39550,31,39550,16314,10980,91280,62,91280,79,,885,,165,,,,,,,,
2024-08-04,mohtel,24,3465,33,39583,33,39583,16314,10980,91398,118,91398,79,,885,,165,,,,,,,,
2024-08-05,mohtel,24,3468,40,39623,40,39623,16314,10980,91469,71,91469,79,,885,,165,,,,,,,,
2024-08-06,mohtel,24,3471,30,39653,30,39653,16365,11012,91535,66,91535,79,885,885,166,166,,,,,,,,
2024-08-07,mohtel,24,3473,24,39677,24,39677,16365,11012,91645,110,91645,79,,885,,166,,,,,,,,
2024-08-08,mohtel,24,3477,22,39699,22,39699,16365,11012,91722,77,91722,79,,885,,166,,,,,,,,
2024-08-09,mohtel,24,3480,51,39750,51,39750,16365,11012,91862,140,91862,79,,885,168,168,,,,,,,,
2024-08-10,mohtel,24,3483,40,39790,40,39790,16365,11012,92002,140,92002,79,,885,,168,,,,,,,,
2024-08-11,mohtel,0,3483,0,39790,0,39790,16365,11012,92002,0,92002,79,,885,,168,,,,,,,,
2024-08-12,mohtel,48,3486,107,39897,107,39897,16456,11088,92152,150,92152,79,885,885,168,168,,,,,,,,
2024-08-13,mohtel,24,3488,32,39929,32,39929,16456,11088,92240,88,92240,79,,885,,168,,,,,,,,
2024-08-14,mohtel,24,3490,36,39965,36,39965,16456,11088,92294,54,92294,79,,885,,168,,,,,,,,
2024-08-15,mohtel,24,3493,40,40005,40,40005,16456,11088,92401,107,92401,79,,885,,168,,,,,,,,
2024-08-16,mohtel,0,3493,0,40005,0,40005,16456,11088,92401,0,92401,79,,885,,168,,,,,,,,
2024-08-17,mohtel,48,3498,69,40074,69,40074,16456,11088,92537,136,92537,79,,885,,168,,,,,,,,
2024-08-18,mohtel,24,3500,25,40099,25,40099,16456,11088,92609,72,92609,79,,885,,168,,,,,,,,
2024-08-19,mohtel,24,3503,40,40139,40,40139,16456,11088,92743,134,92743,79,,885,169,169,,,,,,,,
2024-08-20,mohtel,24,3506,34,40173,34,40173,16456,11088,92857,114,92857,79,,885,,169,,,,,,,,
2024-08-21,mohtel,24,3510,50,40223,50,40223,16456,11088,92981,124,92981,79,,885,170,170,,,,,,,,
2024-08-22,mohtel,24,3514,42,40265,42,40265,16456,11088,93144,163,93144,79,,885,,170,,,,,,,,
2024-08-23,mohtel,0,3514,0,40265,0,40265,16456,11088,93144,0,93144,79,,885,,170,,,,,,,,
2024-08-24,mohtel,48,3519,69,40334,69,40334,16456,11088,93356,212,93356,79,,885,,170,,,,,,,,
2024-08-25,mohtel,24,3522,71,40405,71,40405,16456,11088,93468,112,93468,79,,885,,170,,,,,,,,
2024-08-26,mohtel,24,3524,30,40435,30,40435,16589,11207,93534,66,93534,82,885,885,170,170,,,,,,,,
2024-08-27,mohtel,24,3524,41,40435,41,40476,16589,11207,93534,113,93647,82,,885,171,171,,,,,,,,
2024-08-28,mohtel,24,3528,58,40534,58,40534,16589,11207,93778,131,93778,82,,885,172,172,,,,,,,,
2024-08-29,mohtel,24,3532,68,40602,68,40602,16589,11207,93855,77,93855,82,,885,,172,,,,,,,,
2024-08-30,mohtel,0,3532,0,40602,0,40602,16589,11207,93855,0,93855,82,,885,,172,,,,,,,,
2024-08-31,mohtel,48,3537,89,40691,89,40691,16673,11269,94060,205,94060,82,885,885,172,172,,,,,,,,
2024-09-01,mohtel,24,3540,47,40738,47,40738,16673,11269,94154,94,94154,82,,885,,172,,,,,,,,
2024-09-02,mohtel,24,3543,48,40786,48,40786,16673,11269,94224,70,94224,82,,885,,172,,,,,,,,
2024-09-03,mohtel,24,3546,33,40819,33,40819,16673,11269,94291,67,94291,82,,885,,172,,,,,,,,
2024-09-04,mohtel,24,3549,42,40861,42,40861,16673,11269,94398,107,94398,82,,885,,172,,,,,,,,
2024-09-05,mohtel,24,3551,17,40878,17,40878,16673,11269,94454,56,94454,82,,885,,172,,,,,,,,
2024-09-06,mohtel,0,3551,0,40878,0,40878,16673,11269,94454,0,94454,82,,885,,172,,,,,,,,
2024-09-07,mohtel,48,3555,61,40939,61,40939,16673,11269,94616,162,94616,82,,885,,172,,,,,,,,
2024-09-08,mohtel,24,3558,33,40972,33,40972,16673,11269,94761,145,94761,82,,885,,172,,,,,,,,
2024-09-09,mohtel,24,3560,16,40988,16,40988,16673,11269,94825,64,94825,82,,885,,172,,,,,,,,
2024-09-10,mohtel,24,3563,32,41020,32,41020,16756,11346,94925,100,94925,82,885,885,172,172,,,,,,,,
2024-09-11,mohtel,24,3567,64,41084,64,41084,16756,11346,95029,104,95029,82,,885,,172,,,,,,,,
2024-09-12,mohtel,24,3570,34,41118,34,41118,16756,11346,95125,96,95125,82,,885,,172,,,,,,,,
2024-09-13,mohtel,0,3570,0,41118,0,41118,16756,11346,95125,0,95125,82,,885,,172,,,,,,,,
2024-09-14,mohtel,48,3574,64,41182,64,41182,16756,11346,95280,155,95280,82,,885,,172,,,,,,,,
2024-09-15,mohtel,24,3577,24,41206,24,41206,16795,11378,95337,57,95337,83,885,885,173,173,,,,,,,,
2024-09-16,mohtel,24,3580,20,41226,20,41226,16795,11378,95413,76,95413,83,,885,,173,,,,,,,,
2024-09-17,mohtel,24,3583,26,41252,26,41252,16795,11378,95497,84,95497,83,,885,,173,,,,,,,,
2024-09-18,mohtel,24,3585,20,41272,20,41272,16795,11378,95551,54,95551,83,,885,,173,,,,,,,,
2024-09-19,mohtel,0,3585,0,41272,0,41272,16795,11378,95551,0,95551,83,,885,,173,,,,,,,,
2024-09-20,mohtel,0,3585,0,41272,0,41272,16795,11378,95551,0,95551,83,,885,,173,,,,,,,,
2024-09-21,mohtel,72,3597,119,41391,119,41391,16795,11378,95760,209,95760,83,,885,,173,,,,,,,,
2024-09-22,mohtel,24,3600,40,41431,40,41431,16795,11378,95818,58,95818,83,,885,,173,,,,,,,,
2024-09-23,mohtel,24,3603,24,41455,24,41455,16795,11378,95878,60,95878,83,,885,,173,,,,,,,,
2024-09-24,mohtel,24,3606,12,41467,12,41467,16795,11378,95921,43,95921,83,,885,,173,,,,,,,,
2024-09-25,mohtel,24,3610,28,41495,28,41495,16859,11429,96006,85,96006,85,986,986,173,173,,,,,,,,
2024-09-26,mohtel,24,3614,39,41534,39,41534,16859,11429,96092,86,96092,85,,986,,173,,,,,,,,
2024-09-27,mohtel,0,3614,0,41534,0,41534,16859,11429,96092,0,96092,85,,986,,173,,,,,,,,
2024-09-28,mohtel,48,3618,52,41586,52,41586,16859,11429,96210,118,96210,85,,986,,173,,,,,,,,
2024-09-29,mohtel,24,3618,9,41595,9,41595,16859,11429,96251,41,96251,85,,986,,173,,,,,,,,
2024-09-30,mohtel,24,3620,20,41615,20,41615,16891,11458,96359,108,96359,85,986,986,174,174,,,,,,,,
2024-10-01,mohtel,24,3624,23,41638,23,41638,16891,11458,96460,101,96460,85,,986,,174,,,,,,,,
2024-10-02,mohtel,24,3629,51,41689,51,41689,16891,11458,96625,165,96625,85,,986,,174,,,,,,,,
2024-10-03,mohtel,24,3637,99,41788,99,41788,16891,11458,96794,169,96794,85,,986,,174,,,,,,,,
2024-10-04,mohtel,24,3640,14,41802,14,41802,16891,11458,96844,50,96844,85,,986,,174,,,,,,,,
2024-10-05,mohtel,24,3643,23,41825,23,41825,16891,11458,96910,66,96910,85,,986,,174,,,,,,,,
2024-10-06,mohtel,24,3646,45,41870,45,41870,16927,11487,97166,256,97166,85,986,986,175,175,,,,,,,,
2024-10-07,mohtel,24,3650,39,41909,39,41909,16927,11487,97303,137,97303,85,,986,,175,,,,,,,,
2024-10-08,mohtel,24,3658,56,41965,56,41965,16927,11487,97590,287,97590,85,,986,,175,,,,,,,,
2024-10-09,mohtel,24,3661,45,42010,45,42010,16927,11487,97720,130,97720,85,,986,176,176,,,,,,,,
2024-10-10,mohtel,24,3666,55,42065,55,42065,16927,11487,97886,166,97886,85,,986,,176,,,,,,,,
2024-10-11,mohtel,24,3670,61,42126,61,42126,16927,11487,98117,231,98117,85,,986,,176,,,,,,,,
2024-10-12,mohtel,24,3675,49,42175,49,42175,16927,11487,98336,219,98336,85,,986,,176,,,,,,,,
2024-10-13,mohtel,24,3679,52,42227,52,42227,16927,11487,98464,128,98464,85,,986,,176,,,,,,,,
2024-10-14,mohtel,24,3683,62,42289,62,42289,16927,11487,98684,220,98684,85,,986,177,177,,,,,,,,
2024-10-15,mohtel,24,3687,55,42344,55,42344,17029,11585,99013,329,99013,85,986,986,177,177,,,,,,,,
2024-10-16,mohtel,24,3691,65,42409,65,42409,17029,11585,99153,140,99153,85,,986,,177,,,,,,,,
2024-10-17,mohtel,24,3695,29,42438,29,42438,17029,11585,99246,93,99246,85,,986,,177,,,,,,,,
2024-10-18,mohtel,24,3699,62,42500,62,42500,17029,11585,99546,300,99546,85,,986,,177,,,,,,,,
2024-10-19,mohtel,24,3702,19,42519,19,42519,17029,11585,99637,91,99637,85,,986,,177,,,,,,,,
2024-10-20,mohtel,24,3709,84,42603,84,42603,17029,11585,99795,158,99795,85,,986,,177,,,,,,,,
2024-10-21,mohtel,0,3709,0,42603,0,42603,17029,11585,99795,0,99795,85,,986,,177,,,,,,,,
2024-10-22,mohtel,48,3716,115,42718,115,42718,17029,11585,100282,487,100282,85,,986,,177,,,,,,,,
2024-10-23,mohtel,24,3722,74,42792,74,42792,17029,11585,100412,130,100412,85,,986,,177,,,,,,,,
2024-10-24,mohtel,24,3726,55,42847,55,42847,17029,11585,100544,132,100544,85,,986,,177,,,,,,,,
2024-10-25,mohtel,0,3726,0,42847,0,42847,17210,11742,100544,0,100544,85,1047,1047,177,177,,,,,,,,
2024-10-26,mohtel,48,3733,77,42924,77,42924,17210,11742,100833,289,100833,85,,1047,,177,,,,,,,,
2024-10-27,mohtel,0,3733,0,42924,0,42924,17210,11742,100833,0,100833,85,,1047,182,182,,,,,,,,
2024-10-28,mohtel,48,3738,96,43020,96,43020,17210,11742,101110,277,101110,85,,1047,,182,,,,,,,,
2024-10-29,mohtel,24,3742,41,43061,41,43061,17210,11742,101223,113,101223,85,,1047,,182,,,,,,,,
2024-10-30,mohtel,24,3747,102,43163,102,43163,17289,11815,101510,287,101510,85,1047,1047,182,182,,,,,,,,
2024-10-31,mohtel,24,3753,41,43204,41,43204,17289,11815,101641,131,101641,85,,1047,,182,,,,,,,,
2024-11-01,mohtel,24,3756,55,43259,55,43259,17289,11815,101827,186,101827,85,,1047,,182,,,,,,,,
2024-11-02,mohtel,24,3763,55,43314,55,43314,17289,11815,102019,192,102019,85,,1047,183,183,,,,,,,,
2024-11-03,mohtel,24,3767,27,43341,27,43341,17289,11815,102105,86,102105,85,,1047,,183,,,,,,,,
2024-11-04,mohtel,24,3770,33,43374,33,43374,17289,11815,102261,156,102261,85,,1047,,183,,,,,,,,
2024-11-05,mohtel,24,3773,17,43391,17,43391,17289,11815,102347,86,102347,85,,1047,,183,,,,,,,,
2024-11-06,mohtel,0,3773,0,43391,0,43391,17289,11815,102347,0,102347,85,,1047,,183,,,,,,,,
2024-11-07,mohtel,48,3779,78,43469,78,43469,17289,11815,102561,214,102561,85,,1047,,183,,,,,,,,
2024-11-08,mohtel,24,3782,39,43508,39,43508,17289,11815,102684,123,102684,85,,1047,,183,,,,,,,,
2024-11-09,mohtel,24,3786,44,43552,44,43552,17385,11891,102765,81,102765,85,1054,1054,188,188,,,,,,,,
2024-11-10,mohtel,24,3789,51,43603,51,43603,17385,11891,102929,164,102929,85,,1054,,188,,,,,,,,
2024-11-11,mohtel,0,3789,0,43603,0,43603,17385,11891,102929,0,102929,85,,1054,,188,,,,,,,,
2024-11-12,mohtel,48,3794,62,43665,62,43665,17385,11891,103076,147,103076,85,,1054,,188,,,,,,,,
2024-11-13,mohtel,24,3801,47,43712,47,43712,17385,11891,103258,182,103258,85,,1054,,188,,,,,,,,
2024-11-14,mohtel,24,3804,24,43736,24,43736,17385,11891,103370,112,103370,85,,1054,,188,,,,,,,,
2024-11-15,mohtel,24,3807,28,43764,28,43764,17385,11891,103490,120,103490,85,,1054,,188,,,,,,,,
2024-11-16,mohtel,24,3810,35,43799,35,43799,17385,11891,103601,111,103601,85,,1054,,188,,,,,,,,
2024-11-17,mohtel,24,3816,47,43846,47,43846,17385,11891,103740,139,103740,85,,1054,,188,,,,,,,,
2024-11-18,mohtel,24,3820,76,43922,76,43922,17385,11891,103898,158,103898,85,,1054,,188,,,,,,,,
2024-11-19,mohtel,24,3823,50,43972,50,43972,17492,11979,104008,110,104008,86,1054,1054,188,188,,,,,,,,
2024-11-20,mohtel,24,3825,13,43985,13,43985,17492,11979,104092,84,104092,86,,1054,,188,,,,,,,,
2024-11-21,mohtel,24,3830,71,44056,71,44056,17492,11979,104268,176,104268,86,,1054,,188,,,,,,,,
2024-11-22,mohtel,0,3830,0,44056,0,44056,17492,11979,104268,0,104268,86,,1054,,188,,,,,,,,
2024-11-23,mohtel,48,3837,120,44176,120,44176,17492,11979,104473,205,104473,86,,1054,189,189,,,,,,,,
2024-11-24,mohtel,24,3841,35,44211,35,44211,17492,11979,104567,94,104567,86,,1054,,189,,,,,,,,
2024-11-25,mohtel,24,3843,24,44235,24,44235,17492,11979,104638,71,104638,86,,1054,,189,,,,,,,,
2024-11-26,mohtel,24,3846,14,44249,14,44249,17492,11979,104746,108,104746,86,,1054,,189,,,,,,,,
2024-11-27,mohtel,24,3849,33,44282,33,44282,17492,11979,104880,134,104880,86,,1054,190,190,,,,,,,,
2024-11-28,mohtel,24,3852,48,44330,48,44330,17492,11979,104933,53,104933,86,,1054,,190,,,,,,,,
2024-11-29,mohtel,24,3855,33,44363,33,44363,17581,12048,105070,137,105070,87,1055,1055,190,190,,,,,,,,
2024-11-30,mohtel,24,3859,19,44382,19,44382,17581,12048,105142,72,105142,87,,1055,,190,,,,,,,,
2024-12-01,mohtel,24,3865,47,44429,47,44429,17581,12048,105250,108,105250,87,,1055,192,192,,,,,,,,
2024-12-02,mohtel,24,3869,37,44466,37,44466,17581,12048,105358,108,105358,87,,1055,,192,,,,,,,,
2024-12-03,mohtel,24,3871,36,44502,36,44502,17581,12048,105454,96,105454,87,,1055,,192,,,,,,,,
2024-12-04,mohtel,24,3874,30,44532,30,44532,17581,12048,105538,84,105538,87,,1055,,192,,,,,,,,
2024-12-05,mohtel,24,3879,48,44580,48,44580,17581,12048,105739,201,105739,87,,1055,,192,,,,,,,,
2024-12-06,mohtel,24,3882,32,44612,32,44612,17581,12048,105834,95,105834,87,,1055,,192,,,,,,,,
2024-12-07,mohtel,24,3886,52,44664,52,44664,17581,12048,105976,142,105976,87,,1055,,192,,,,,,,,
2024-12-08,mohtel,24,3890,44,44708,44,44708,17581,12048,106050,74,106050,87,,1055,,192,,,,,,,,
2024-12-09,mohtel,24,3893,50,44758,50,44758,17712,12136,106134,84,106134,88,1059,1059,192,192,,,,,,,,
2024-12-10,mohtel,24,3897,28,44786,28,44786,17712,12136,106188,54,106188,88,,1059,,192,,,,,,,,
2024-12-11,mohtel,24,3899,19,44805,19,44805,17712,12136,106257,69,106257,88,,1059,193,193,,,,,,,,
2024-12-12,mohtel,24,3902,30,44835,30,44835,17712,12136,106356,99,106356,88,,1059,,193,,,,,,,,
2024-12-13,mohtel,24,3905,40,44875,40,44875,17712,12136,106454,98,106454,88,,1059,,193,,,,,,,,
2024-12-14,mohtel,24,3907,55,44930,55,44930,17712,12136,106624,170,106624,88,,1059,,193,,,,,,,,
2024-12-15,mohtel,24,3912,46,44976,46,44976,17712,12136,106759,135,106759,88,,1059,196,196,,,,,,,,
2024-12-16,mohtel,24,3919,52,45028,52,45028,17712,12136,106962,203,106962,88,,1059,,196,,,,,,,,
2024-12-17,mohtel,24,3922,31,45059,31,45059,17712,12136,107041,79,107041,88,,1059,,196,,,,,,,,
2024-12-18,mohtel,24,3925,38,45097,38,45097,17712,12136,107244,203,107244,88,,1059,,196,,,,,,,,
2024-12-19,mohtel,24,3929,32,45129,32,45129,17803,12224,107338,94,107338,94,1060,1060,196,196,,,,,,,,
2024-12-20,mohtel,24,3932,77,45206,77,45206,17803,12224,107512,174,107512,94,,1060,,196,,,,,,,,
2024-12-21,mohtel,24,3935,21,45227,21,45227,17803,12224,107573,61,107573,94,,1060,,196,,,,,,,,
2024-12-22,mohtel,24,3939,32,45259,32,45259,17803,12224,107627,54,107627,94,,1060,,196,,,,,,,,
2024-12-23,mohtel,24,3944,58,45317,58,45317,17803,12224,107713,86,107713,94,,1060,,196,,,,,,,,
2024-12-24,mohtel,24,3947,21,45338,21,45338,17803,12224,107764,51,107764,94,,1060,,196,,,,,,,,
2024-12-25,mohtel,24,3950,23,45361,23,45361,17803,12224,107803,39,107803,94,,1060,,196,,,,,,,,
2024-12-26,mohtel,24,3953,38,45399,38,45399,17803,12224,107940,137,107940,94,,1060,,196,,,,,,,,
2024-12-27,mohtel,24,3956,37,45436,37,45436,17803,12224,108038,98,108038,94,,1060,,196,,,,,,,,
2024-12-28,mohtel,24,3958,48,45484,48,45484,17803,12224,108090,52,108090,94,,1060,,196,,,,,,,,
2024-12-29,mohtel,24,3958,30,45514,30,45514,17818,12287,108189,99,108189,94,1068,1068,201,201,,,,,,,,
2024-12-30,mohtel,24,3961,27,45541,27,45541,17818,12287,108338,149,108338,94,,1068,,201,,,,,,,,
2024-12-31,mohtel,0,3961,0,45541,0,45541,17818,12287,108338,0,108338,94,,1068,,201,,,,,,,,
2025-01-01,mohtel,48,3963,12,45553,12,45553,17818,12287,108379,41,108379,94,,1068,,201,,,,,,,,
2025-01-02,mohtel,24,3968,28,45581,28,45581,17818,12287,108438,59,108438,94,,1068,,201,,,,,,,,
2025-01-03,mohtel,24,3976,77,45658,77,45658,17818,12287,108583,145,108583,94,,1068,202,202,,,,,,,,
2025-01-04,mohtel,24,3980,59,45717,59,45717,17818,12287,108856,273,108856,94,,1068,,202,,,,,,,,
2025-01-05,mohtel,24,3985,88,45805,88,45805,17818,12287,109064,208,109064,94,,1068,,202,,,,,,,,
2025-01-06,mohtel,24,3988,49,45854,49,45854,17818,12287,109139,75,109139,94,,1068,,202,,,,,,,,
2025-01-07,mohtel,24,3991,31,45885,31,45885,17818,12287,109196,57,109196,94,,1068,,202,,,,,,,,
2025-01-08,mohtel,24,3997,51,45936,51,45936,17841,12298,109274,78,109274,94,1068,1068,202,202,,,,,,,,
2025-01-09,mohtel,24,4000,70,46006,70,46006,17841,12298,109378,104,109378,94,,1068,,202,,,,,,,,
2025-01-10,mohtel,0,4000,0,46006,0,46006,17841,12298,109378,0,109378,94,,1068,203,203,,,,,,,,
2025-01-11,mohtel,48,4005,531,46537,531,46537,17841,12298,109571,193,109571,94,,1068,,203,,,32,499,,,,
2025-01-12,mohtel,24,4007,28,46565,28,46565,17841,12298,109660,89,109660,94,,1068,,203,,,,,,,,
2025-01-13,mohtel,24,4009,19,46584,19,46584,17841,12298,109731,71,109731,94,,1068,,203,,,,,,,,
2025-01-14,mohtel,24,4013,61,46645,61,46645,17841,12298,110012,281,110012,94,,1068,204,204,,,,,,,,
2025-01-15,mohtel,24,4019,62,46707,62,46707,17841,12298,110265,253,110265,94,,1068,,204,,,,,,,,
2025-01-16,mohtel,24,4027,81,46788,81,46788,17841,12298,110453,188,110453,94,,1068,,204,,,,,,,,
2025-01-17,mohtel,24,4031,88,46876,88,46876,17841,12298,110642,189,110642,94,,1068,,204,,,,,,,,
2025-01-18,mohtel,24,10100,23,46899,23,46899,17861,12316,110725,83,110725,94,1155,1155,205,205,,,,,,,,
2025-01-19,mohtel,24,10100,14,46913,14,46913,17861,12316,110750,25,110750,94,,1155,,205,,,,,,,,
2025-01-20,mohtel,24,10100,122,47035,122,47035,17861,12316,111091,341,111091,94,,1155,,205,,,,,,,,
2025-01-21,mohtel,24,10100,72,47107,72,47107,17861,12316,111147,56,111147,94,,1155,,205,,,,,,,,
2025-01-22,mohtel,24,10100,54,47161,54,47161,17861,12316,111166,19,111166,94,,1155,,205,,,,,,,,
2025-01-23,mohtel,24,10100,122,47283,122,47283,17861,12316,111472,306,111472,94,,1155,,205,120,,2,,,,,
2025-01-24,mohtel,0,10100,0,47283,0,47283,17861,12316,111472,0,111472,94,,1155,,205,,,,,,,,
2025-01-25,mohtel,0,10100,0,47283,0,47283,17861,12316,111472,0,111472,94,,1155,,205,,,,,,,,
2025-01-26,mohtel,72,10100,23,47306,23,47306,17861,12316,111483,11,111483,94,,1155,,205,14,5,4,,,,,
2025-01-27,mohtel,24,10100,11,47317,11,47317,17861,12316,111494,11,111494,94,,1155,,205,9,2,,,,,,
2025-01-28,mohtel,24,10100,37,47354,37,47354,17861,12316,111563,69,111563,94,,1155,,205,37,,,,,,,
2025-01-29,mohtel,24,10100,63,47417,63,47417,17861,12316,111571,8,111571,94,,1155,,205,59,2,2,,,,,
2025-01-30,mohtel,24,10100,43,47460,43,47460,17861,12316,111580,9,111580,94,,1155,,205,42,1,,,,,,
2025-01-31,mohtel,24,10100,0,47460,0,47460,17861,12316,111580,0,111580,94,,1155,,205,,,,,,,,
2025-02-01,mohtel,24,10100,27,47487,27,47487,17861,12316,111588,8,111588,94,,1155,,205,24,2,1,,,,,
2025-02-02,mohtel,24,10100,11,47498,11,47498,17861,12316,111592,4,111592,94,,1155,,205,9,2,,,,,,
2025-02-03,mohtel,24,10100,20,47518,20,47518,17861,12316,111612,20,111612,94,,1155,,205,18,1,1,,,,,
2025-02-04,mohtel,24,10100,22,47540,22,47540,17861,12316,111618,6,111618,94,,1155,,205,20,2,,,,,,
2025-02-05,mohtel,24,10100,12,47552,12,47552,17861,12316,111629,11,111629,94,,1155,,205,8,4,,,,,,
2025-02-06,mohtel,24,10100,31,47583,31,47583,17861,12316,111633,4,111633,94,,1155,,205,28,1,2,,,,,
2025-02-07,mohtel,0,10100,0,47583,0,47583,17861,12316,111633,0,111633,94,,1155,,205,,,,,,,,
2025-02-08,mohtel,48,10100,598,48181,598,48181,17861,12316,111638,5,111638,94,,1155,,205,22,,4,572,,,,
2025-02-09,mohtel,24,10100,8,48189,8,48189,17861,12316,111640,2,111640,94,,1155,,205,7,,1,,,,,
2025-02-10,mohtel,24,10100,19,48208,19,48208,17861,12316,111655,15,111655,94,,1155,,205,14,2,3,,,,,
2025-02-11,mohtel,24,10100,11,48219,11,48219,17861,12316,111665,10,111665,94,,1155,,205,8,,3,,,,,
2025-02-12,mohtel,24,10100,3,48222,3,48222,17861,12316,111674,9,111674,94,,1155,,205,2,,1,,,,,
2025-02-13,mohtel,24,10100,17,48239,17,48239,17861,12316,111676,2,111676,94,,1155,,205,14,,3,,,,,
2025-02-14,mohtel,0,10100,0,48239,0,48239,17861,12316,111676,0,111676,94,,1155,,205,,,,,,,,
2025-02-15,mohtel,48,10100,25,48264,25,48264,17861,12316,111688,12,111688,94,,1155,,205,,,25,,,,,
2025-02-16,mohtel,24,10100,7,48271,7,48271,17861,12316,111693,5,111693,94,,1155,,205,6,,1,,,,,
2025-02-17,mohtel,24,10100,13,48284,13,48284,17861,12316,111709,16,111709,94,,1155,,205,9,,4,,,,,
2025-02-18,mohtel,24,10100,7,48291,7,48291,17861,12316,111722,13,111722,94,,1155,,205,6,,1,,,,,
2025-02-19,mohtel,24,10100,6,48297,6,48297,17861,12316,111733,11,111733,94,,1155,,205,2,1,3,,,,,
2025-02-20,mohtel,24,10100,22,48319,22,48319,17861,12316,111749,16,111749,94,,1155,,205,22,,,,,,,
2025-02-21,mohtel,0,10100,0,48319,0,48319,17861,12316,111749,0,111749,94,,1155,,205,,,,,,,,
2025-02-22,mohtel,48,10100,10,48329,10,48329,17861,12316,111753,4,111753,94,,1155,,205,7,1,2,,,,,
2025-02-23,mohtel,24,10100,10,48339,10,48339,17861,12316,111753,0,111753,94,,1155,,205,,,10,,,,,
2025-02-24,mohtel,24,10100,7,48346,7,48346,17861,12316,111759,6,111759,94,,1155,,205,5,,2,,,,,
2025-02-25,mohtel,24,10100,2,48348,2,48348,17861,12316,111761,2,111761,94,,1155,,205,1,,1,,,,,
2025-02-26,mohtel,0,10100,0,48348,0,48348,17861,12316,111761,0,111761,94,,1155,,205,,,,,,,,
2025-02-27,mohtel,48,10100,17,48365,17,48365,17861,12316,111780,19,111780,94,,1155,,205,,,17,,,,,
2025-02-28,mohtel,0,10100,0,48365,0,48365,17861,12316,111780,0,111780,94,,1155,,205,,,,,,,,
2025-03-01,mohtel,48,10100,23,48388,23,48388,17861,12316,111803,23,111803,94,,1155,,205,21,,2,,,,,
2025-03-02,mohtel,0,10100,0,48388,0,48388,17861,12316,111803,0,111803,94,,1155,,205,,,,,,,,
2025-03-03,mohtel,48,10100,9,48397,9,48397,17861,12316,111824,21,111824,94,,1155,,205,4,,5,,,,,
2025-03-04,mohtel,24,10100,8,48405,8,48405,17861,12316,111835,11,111835,94,,1155,,205,7,1,,,,,,
2025-03-05,mohtel,24,10100,35,48440,35,48440,17861,12316,111845,10,111845,94,,1155,,205,30,1,4,,,,,
2025-03-06,mohtel,24,10100,6,48446,6,48446,17861,12316,111852,7,111852,94,,1155,,205,,,6,,,,,
2025-03-07,mohtel,0,10100,0,48446,0,48446,17861,12316,111852,0,111852,94,,1155,,205,,,,,,,,
2025-03-08,mohtel,48,10100,7,48453,7,48453,17861,12316,111860,8,111860,94,,1155,,205,1,,6,,,,,
2025-03-09,mohtel,24,10100,5,48458,5,48458,17861,12316,111897,37,111897,94,,1155,,205,,,5,,,,,
2025-03-10,mohtel,24,10100,9,48467,9,48467,17861,12316,111913,16,111913,94,,1155,,205,5,,4,,,,,
2025-03-11,mohtel,24,10100,36,48503,36,48503,17861,12316,111927,14,111927,94,,1155,,205,32,,4,,,,,
2025-03-12,mohtel,24,10100,12,48515,12,48515,17861,12316,111941,14,111941,94,,1155,,205,5,,7,,,,,
2025-03-13,mohtel,24,10100,9,48524,9,48524,17861,12316,111955,14,111955,94,,1155,,205,7,,2,,,,,
2025-03-14,mohtel,0,10100,0,48524,0,48524,17861,12316,111955,0,111955,94,,1155,,205,,,,,,,,
2025-03-15,mohtel,48,10100,19,48543,19,48543,17861,12316,111981,26,111981,94,,1155,,205,12,,7,,,,,
2025-03-16,mohtel,24,10100,29,48572,29,48572,17861,12316,112032,51,112032,94,,1155,,205,15,,14,,,,,
2025-03-17,mohtel,24,10100,5,48577,5,48577,17861,12316,112041,9,112041,94,,1155,,205,3,1,1,,,,,
2025-03-18,mohtel,24,10100,436,49013,436,49013,17861,12316,112719,678,112719,94,,1155,,205,,,436,,,,,
2025-03-19,mohtel,24,10100,604,49617,604,49617,17861,12316,112950,231,112950,94,,1155,,205,,,70,534,,,,
2025-03-20,mohtel,24,10100,85,49702,85,49702,17861,12316,113083,133,113083,94,,1155,,205,,,85,,,,,
2025-03-21,mohtel,0,10100,0,49702,0,49702,17861,12316,113083,0,113083,94,,1155,,205,,,0,,,,,
2025-03-22,mohtel,48,10100,45,49747,45,49747,17861,12316,113213,130,113213,94,,1155,,205,2,,43,,,,,
2025-03-23,mohtel,24,12000,274,50021,274,50021,17954,12365,113274,61,113274,105,1394,1394,206,206,2,,39,233,,,,
2025-03-24,mohtel,24,12000,61,50082,61,50082,17954,12365,113408,134,113408,105,,1394,,206,4,,57,,,,,
2025-03-25,mohtel,24,12000,62,50144,62,50144,17954,12365,113704,296,113704,105,,1394,,206,,,62,,,,,
2025-03-26,mohtel,24,12000,39,50183,39,50183,17954,12365,113828,124,113828,105,,1394,,206,1,,38,,,,,
2025-03-27,mohtel,24,12000,25,50208,25,50208,17954,12365,113910,82,113910,105,,1394,,206,,,25,,,,,
2025-03-28,mohtel,24,12000,43,50251,43,50251,17954,12365,114025,115,114025,105,,1394,,206,2,,41,,,,,
2025-03-29,mohtel,24,12000,26,50277,26,50277,17954,12365,114095,70,114095,105,,1394,,206,1,,25,,,,,
2025-03-30,mohtel,24,12000,53,50330,53,50330,17954,12365,114284,189,114284,105,,1394,,206,,,53,,,,,
2025-03-31,mohtel,24,12000,27,50357,27,50357,17954,12365,114400,116,114400,111,1402,1402,,206,,,27,,,,,
2025-04-01,mohtel,24,12000,42,50399,42,50399,17954,12365,114583,183,114583,111,,1402,209,209,1,,41,,,,,
2025-04-02,mohtel,24,12000,24,50423,24,50423,17954,12365,114638,55,114638,111,,1402,,209,,,24,,,,,
2025-04-03,mohtel,24,12000,100,50523,100,50523,17954,12365,114776,138,114776,111,,1402,,209,3,,97,,,,,
2025-04-04,mohtel,24,12000,86,50609,86,50609,17954,12365,115063,287,115063,111,,1402,,209,,,86,,,,,
2025-04-05,mohtel,24,12000,60,50669,60,50669,17954,12365,115225,162,115225,111,,1402,,209,,,60,,,,,
2025-04-06,mohtel,24,12000,26,50695,26,50695,17954,12365,115338,113,115338,111,,1402,,209,,,26,,,,,
2025-04-07,mohtel,24,12000,57,50752,57,50752,17954,12365,115475,137,115475,111,,1402,210,210,,,57,,,,,
2025-04-08,mohtel,24,12000,58,50810,58,50810,17954,12365,115688,213,115688,111,,1402,,210,,,58,,,,,
2025-04-09,mohtel,24,12000,36,50846,36,50846,17954,12365,115729,41,115729,111,,1402,211,211,3,,33,,,,,
2025-04-10,mohtel,24,12000,40,50886,40,50886,17954,12365,115875,146,115875,111,,1402,,211,,,40,,,,,
2025-04-11,mohtel,24,12000,26,50912,26,50912,17954,12365,115981,106,115981,111,,1402,,211,6,,20,,,,,
2025-04-12,mohtel,24,12000,21,50933,21,50933,17954,12365,116045,64,116045,111,,1402,,211,,,21,,,,,
2025-04-13,mohtel,24,12000,11,50944,11,50944,17954,12365,116156,111,116156,111,,1402,,211,,,11,,,,,
2025-04-14,mohtel,24,12000,39,50983,39,50983,17954,12365,116274,118,116274,111,,1402,,211,1,,38,,,,,
2025-04-15,mohtel,24,12000,17,51000,17,51000,17954,12365,116343,69,116343,111,,1402,,211,,,17,,,,,
2025-04-16,mohtel,24,12000,25,51025,25,51025,17954,12365,116432,89,116432,111,,1402,,211,3,,22,,,,,
2025-04-17,mohtel,24,12000,40,51065,40,51065,17954,12365,116505,73,116505,111,,1402,,211,1,,39,,,,,
2025-04-18,mohtel,0,12000,0,51065,0,51065,18000,12400,116505,0,116505,113,1402,1402,211,211,,,,,,,,
2025-04-19,mohtel,48,12000,92,51157,92,51157,18000,12400,116724,219,116724,113,,1402,,211,,,92,,,,,
2025-04-20,mohtel,24,12000,44,51201,44,51201,18000,12400,116869,145,116869,113,,1402,,211,,,44,,,,,
2025-04-21,mohtel,24,12000,39,51240,39,51240,18000,12400,116931,62,116931,113,,1402,,211,2,,37,,,,,
2025-04-22,mohtel,24,12000,26,51266,26,51266,18000,12400,116991,60,116991,113,,1402,,211,,,26,,,,,
2025-04-23,mohtel,24,12000,39,51305,39,51305,18000,12400,117096,105,117096,113,,1402,,211,1,,38,,,,,
2025-04-24,mohtel,24,12000,50,51355,50,51355,18000,12400,117248,152,117248,113,,1402,,211,2,,48,,,,,
2025-04-25,mohtel,24,12000,84,51439,84,51439,18000,12400,117416,168,117416,113,,1402,212,212,6,,78,,,,,
2025-04-26,mohtel,24,12000,56,51495,56,51495,18000,12400,117524,108,117524,113,,1402,,212,7,,49,,,,,
2025-04-27,mohtel,24,12000,748,52243,748,52243,18000,12400,117639,115,117639,113,,1402,,212,11,,40,697,,,,
2025-04-28,mohtel,24,12000,71,52314,71,52314,18000,12400,117792,153,117792,113,,1402,,212,14,,57,,,,,
2025-04-29,mohtel,24,12000,51,52365,51,52365,18000,12400,117905,113,117905,113,,1402,,212,1,,50,,,,,
2025-04-30,mohtel,24,12000,35,52400,35,52400,18000,12400,118014,109,118014,113,,1402,,212,,,35,,,,,
2025-05-01,mohtel,24,12000,18,52418,18,52418,18000,12400,118091,77,118091,113,,1402,,212,1,,17,,,,,
2025-05-02,mohtel,0,12000,0,52418,0,52418,18000,12400,118091,0,118091,113,,1402,,212,,,,,,,,
2025-05-03,mohtel,48,12000,77,52495,77,52495,18000,12400,118366,275,118366,113,,1402,,212,7,,70,,,,,
2025-05-04,mohtel,24,12000,40,52535,40,52535,18000,12400,118491,125,118491,113,,1402,,212,,,40,,,,,
2025-05-05,mohtel,24,12000,32,52567,32,52567,18000,12400,118610,119,118610,113,,1402,,212,9,,23,,,,,
2025-05-06,mohtel,24,12000,48,52615,48,52615,18000,12400,118752,142,118752,113,,1402,,212,,,48,,,,,
2025-05-07,mohtel,24,12000,38,52653,38,52653,18000,12400,118897,145,118897,113,,1402,214,214,4,,34,,,,,
2025-05-08,mohtel,24,12000,107,52760,107,52760,18000,12400,119264,367,119264,113,1411,1411,214,214,1,,106,,,,,
2025-05-09,mohtel,24,12000,27,52787,27,52787,18000,12400,119349,85,119349,113,,1411,,214,1,,26,,,,,
2025-05-10,mohtel,24,12000,23,52810,23,52810,18000,12400,119473,124,119473,113,,1411,,214,,,23,,,,,
2025-05-11,mohtel,24,12000,19,52829,19,52829,18000,12400,119554,81,119554,113,,1411,,214,1,,18,,,,,
2025-05-12,mohtel,24,12000,33,52862,33,52862,18000,12400,119648,94,119648,113,,1411,,214,4,,29,,,,,
2025-05-13,mohtel,24,12000,46,52908,46,52908,18000,12400,119721,73,119721,113,,1411,215,215,15,,31,,,,,
2025-05-14,mohtel,24,12000,20,52928,20,52928,18000,12400,119846,125,119846,113,,1411,,215,1,,19,,,,,
2025-05-15,mohtel,24,12000,82,53010,82,53010,18000,12400,119998,152,119998,113,,1411,217,217,,,82,,,,,
2025-05-16,mohtel,24,12000,109,53119,109,53119,18000,12400,120214,216,120214,113,,1411,,217,1,,108,,,,,
2025-05-17,mohtel,24,12000,153,53272,153,53272,18000,12400,120673,459,120673,113,,1411,,217,7,,146,,,,,
2025-05-18,mohtel,24,12000,67,53339,67,53339,18000,12400,121034,361,121034,113,,1411,,217,5,,62,,,,,
2025-05-19,mohtel,24,12000,136,53475,136,53475,18000,12400,121398,364,121398,113,,1411,219,219,11,,125,,,,,
2025-05-20,mohtel,24,12000,98,53573,98,53573,18000,12400,121688,290,121688,113,,1411,,219,11,,87,,,,,
2025-05-21,mohtel,24,12000,82,53655,82,53655,18000,12400,121950,262,121950,113,,1411,,219,,,82,,,,,
2025-05-22,mohtel,24,12000,107,53762,107,53762,18000,12400,122197,247,122197,113,,1411,,219,3,,104,,,,,
2025-05-23,mohtel,24,12000,60,53822,60,53822,18000,12400,122382,185,122382,113,,1411,,219,,,60,,,,,
2025-05-24,mohtel,24,12000,79,53901,79,53901,18000,12400,122593,211,122593,113,,1411,,219,5,,74,,,,,
2025-05-25,mohtel,24,12000,38,53939,38,53939,18000,12400,122797,204,122797,113,,1411,220,220,,,38,,,,,
2025-05-26,mohtel,24,12000,38,53977,38,53977,18000,12400,122966,169,122966,113,,1411,,220,1,,37,,,,,
2025-05-27,mohtel,24,12000,79,54056,79,54056,18000,12400,123129,163,123129,113,,1411,,220,,,79,,,,,
2025-05-28,mohtel,24,12000,28,54084,28,54084,18000,12400,123308,179,123308,115,1580,1580,221,221,5,,23,,,,,
2025-05-29,mohtel,24,12000,165,54249,165,54249,18000,12400,123492,184,123492,115,,1580,,221,5,,62,98,,,,
2025-05-30,mohtel,24,12000,72,54321,72,54321,18000,12400,123770,278,123770,115,,1580,,221,,,72,,,,,
2025-05-31,mohtel,24,12000,60,54381,60,54381,18000,12400,124054,284,124054,115,,1580,,221,1,,59,,,,,
2025-06-01,mohtel,24,12000,37,54418,37,54418,18000,12400,124190,136,124190,115,,1580,,221,5,,32,,,,,
2025-06-02,mohtel,24,12000,52,54470,52,54470,18000,12400,124693,503,124693,115,,1580,,221,1,,51,,,,75,400
2025-06-03,mohtel,24,12000,40,54510,40,54510,18000,12400,124901,208,124901,115,,1580,,221,1,,39,,,,,
2025-06-04,mohtel,24,12000,97,54607,97,54607,18000,12400,125341,440,125341,115,,1580,,221,2,,95,,,,,
2025-06-05,mohtel,24,12000,70,54677,70,54677,18000,12400,125530,189,125530,115,,1580,225,225,3,,67,,,,,
2025-06-06,mohtel,0,12000,0,54677,0,54677,18000,12400,125530,0,125530,115,,1580,226,226,,,,,,,,
2025-06-07,mohtel,48,12000,95,54772,95,54772,18000,12400,125834,304,125834,115,,1580,,226,,,95,,,,110,1000
2025-06-08,mohtel,24,12000,108,54880,108,54880,18000,12400,126227,393,126227,115,,1580,,226,2,,106,,,,115,1110
2025-06-09,mohtel,24,12000,47,54927,47,54927,18000,12400,126615,388,126615,115,,1580,,226,1,,46,,,,127,1287
2025-06-10,mohtel,24,12000,54,54981,54,54981,18000,12400,126920,305,126920,115,1583,1583,227,227,2,,52,,,,163,1495
2025-06-11,mohtel,24,12000,123,55104,123,55104,18000,12400,127394,474,127394,115,,1583,,227,3,,120,,,,224,1858
2025-06-12,mohtel,24,12000,103,55207,103,55207,18000,12400,127821,427,127821,115,,1583,,227,,,103,,,,245,2152
2025-06-13,mohtel,0,12000,0,55207,0,55207,18000,12400,127821,0,127821,115,,1583,,227,,,,,,,,
2025-06-14,mohtel,48,12000,90,55297,90,55297,18000,12400,128426,605,128426,115,,1583,,227,,,90,,,,274,2532
2025-06-15,mohtel,24,12000,65,55362,65,55362,18000,12400,128741,315,128741,115,,1583,,227,8,,57,,,,300,2649
2025-06-16,mohtel,24,12000,70,55432,70,55432,18000,12400,128923,182,128923,115,,1583,,227,2,,68,,,,338,2831
2025-06-17,mohtel,24,12000,61,55493,61,55493,18000,12400,129320,397,129320,115,,1583,,227,6,,55,,,,397,3031
2025-06-18,mohtel,24,12000,144,55637,144,55637,18000,12400,129880,560,129880,115,,1583,,227,4,,140,,,,,
2025-06-19,mohtel,24,12000,69,55706,69,55706,18000,12400,130101,221,130101,115,,1583,,227,2,,67,,,,,
2025-06-20,mohtel,0,12000,0,55706,0,55706,18000,12400,130101,0,130101,115,,1583,,227,,,,,,,,
2025-06-21,mohtel,48,12000,202,55908,202,55908,18000,12400,131138,1037,131138,115,,1583,,227,4,,198,,,,450,3466
2025-06-22,mohtel,24,12000,51,55959,51,55959,18000,12400,131242,104,131242,115,,1583,,227,3,,48,,,,,
2025-06-23,mohtel,24,12000,39,55998,39,55998,18000,12400,131559,317,131559,115,,1583,,227,1,,38,,,,467,3602
2025-06-24,mohtel,24,12000,79,56077,79,56077,18000,12400,131848,289,131848,115,,1583,,227,5,,74,,,,516,3799
2025-06-25,mohtel,24,12000,79,56156,79,56156,18000,12400,132239,391,132239,115,,1583,,227,5,,74,,,,549,4066
2025-06-26,mohtel,24,12000,103,56259,103,56259,18000,12400,132458,219,132458,115,,1583,,227,,,103,,,,,
2025-06-27,mohtel,24,12000,72,56331,72,56331,18000,12400,132632,174,132632,115,,1583,,227,,,72,,,,,
2025-06-28,mohtel,24,12000,81,56412,81,56412,18000,12400,133054,422,133054,115,,1583,,227,,,81,,,,,
2025-06-29,mohtel,24,12000,88,56500,88,56500,18000,12400,133419,365,133419,115,,1583,,227,2,,86,,,,583,4186
2025-06-30,mohtel,24,12000,31,56531,31,56531,18000,12400,133642,223,133642,115,,1583,,227,3,,28,,,,,
2025-07-01,mohtel,24,12000,116,56647,116,56647,18000,12400,134105,463,134105,115,,1583,228,228,4,,112,,,,601,4278
2025-07-02,mohtel,24,12000,365,57012,365,57012,18000,12400,134592,487,134592,115,1584,1584,,228,3,,139,223,,,640,4488
2025-07-03,mohtel,24,12000,118,57130,118,57130,18000,12400,135173,581,135173,115,,1584,,228,,,118,,,,652,4537
2025-07-04,mohtel,24,12000,138,57268,138,57268,18000,12400,135625,452,135625,115,,1584,,228,,,138,,,,714,4837
2025-07-05,mohtel,24,12000,70,57338,70,57338,18000,12400,135957,332,135957,115,,1584,,228,,,70,,,,743,4891
2025-07-06,mohtel,24,12000,80,57418,80,57418,18000,12400,136261,304,136261,115,,1584,,228,,,80,,,,751,4931
2025-07-07,mohtel,24,12000,105,57523,105,57523,18000,12400,136617,356,136617,115,,1584,,228,1,,104,,,,758,5005
2025-07-08,mohtel,24,12000,52,57575,52,57575,18000,12400,136879,262,136879,115,,1584,,228,3,,49,,,,766,5044
2025-07-09,mohtel,24,12000,105,57680,105,57680,18000,12400,137409,530,137409,115,,1584,,228,,,105,,,,773,5101
2025-07-10,mohtel,24,12000,82,57762,82,57762,18000,12400,137656,247,137656,115,,1584,229,229,,,82,,,,782,5179
2025-07-11,mohtel,24,12000,61,57823,61,57823,18000,12400,137887,231,137887,115,,1584,,229,,,61,,,,788,5199
2025-07-12,mohtel,24,12000,59,57882,59,57882,18000,12400,138095,208,138095,115,,1584,,229,9,,50,,,,805,5252
2025-07-13,mohtel,24,12000,144,58026,144,58026,18000,12400,138520,425,138520,115,1585,1585,,229,5,,139,,,,833,5432
2025-07-14,mohtel,24,12000,360,58386,360,58386,18000,12400,139077,557,139077,115,,1585,,229,3,,117,240,,,838,5575
2025-07-15,mohtel,24,12000,93,58479,93,58479,18000,12400,139355,278,139355,115,,1585,,229,5,,88,,,,844,5604
2025-07-16,mohtel,24,12000,94,58573,94,58573,18000,12400,139607,252,139607,115,,1585,,229,,,94,,,,851,5634
2025-07-17,mohtel,24,12000,94,58667,94,58667,18000,12400,139974,367,139974,115,,1585,,229,1,,93,,,,877,5666
2025-07-18,mohtel,0,12000,0,58667,0,58667,19000,12500,139974,0,139974,122,1590,1590,,229,,,0,,,,877,5666
2025-07-19,mohtel,48,12000,98,58765,98,58765,19000,12500,140485,511,140485,122,,1590,,229,3,,95,,,,891,5754
2025-07-20,mohtel,24,12000,130,58895,130,58895,19000,12500,140980,495,140980,122,,1590,,229,2,,128,,76,86,922,5861
2025-07-21,mohtel,24,12000,134,59029,134,59029,19000,12500,142135,1155,142135,122,,1590,,229,4,,130,,76,104,1021,6511
2025-07-22,mohtel,24,12000,77,59106,77,59106,19000,12500,142511,376,142511,122,,1590,,229,5,,72,,80,101,1026,6563
2025-07-23,mohtel,24,12000,113,59219,113,59219,19000,12500,143045,534,143045,122,,1590,231,231,13,,100,,80,111,1060,7207
2025-07-24,mohtel,24,12000,368,59587,368,59587,19000,12500,143498,453,143498,122,,1590,,231,10,,79,279,80,113,1083,7275
2025-07-25,mohtel,24,12000,89,59676,89,59676,19000,12500,143965,467,143965,122,,1590,232,232,9,,80,,83,122,1092,7320
2025-07-26,mohtel,24,12000,57,59733,57,59733,19000,12500,144477,512,144477,122,,1590,,232,3,,54,,85,127,1121,7485
2025-07-27,mohtel,24,12000,88,59821,88,59821,19000,12500,144851,374,144851,122,,1590,,232,12,,76,,87,133,1132,7521
2025-07-28,mohtel,24,12000,100,59921,100,59921,19000,12500,145233,382,145233,122,,1590,,232,2,,98,,88,147,1157,7758
2025-07-29,mohtel,24,12000,113,60034,113,60034,19000,12500,145870,637,145870,122,,1590,,232,1,,112,,88,147,1179,7957
2025-07-30,mohtel,24,12000,104,60138,104,60138,19000,12500,146269,399,146269,122,,1590,,232,1,,103,,89,154,1239,8152
2025-07-31,mohtel,24,12000,111,60249,111,60249,19000,12500,147089,820,147089,122,,1590,,232,,,111,,90,159,1330,8818
2025-08-01,mohtel,24,12000,83,60332,83,60332,19000,12500,147643,554,147643,122,,1590,,232,1,,82,,92,162,1383,9218
2025-08-02,mohtel,24,12000,98,60430,98,60430,19000,12500,148722,1079,148722,122,,1590,,232,15,,83,,93,169,1422,10067
2025-08-03,mohtel,24,12000,409,60839,409,60839,19000,12500,149588,866,149588,122,,1590,,232,15,,104,290,93,175,1487,10578
2025-08-04,mohtel,24,12000,94,60933,94,60933,19000,12500,150027,439,150027,122,,1590,,232,4,,90,,93,180,1516,10878
2025-08-05,mohtel,24,12000,87,61020,87,61020,19000,12500,150671,644,150671,122,,1590,,232,8,,79,,94,188,1568,11230
2025-08-06,mohtel,24,12000,138,61158,138,61158,19000,12500,151442,771,151442,122,,1590,,232,3,,135,,96,193,1655,11800
2025-08-07,mohtel,24,12000,100,61258,100,61258,19000,12500,152045,603,152045,122,,1590,,232,2,,98,,96,197,1706,12030
2025-08-08,mohtel,24,12000,72,61330,72,61330,19000,12500,152359,314,152359,122,,1590,,232,,,72,,98,201,1722,12249
2025-08-09,mohtel,24,12000,39,61369,39,61369,19000,12500,152850,491,152850,122,,1590,,232,1,,38,,98,212,1743,12590
2025-08-10,mohtel,24,12000,61,61430,61,61430,19000,12500,153213,363,153213,122,,1590,238,238,2,,59,,100,217,1778,12894
2025-08-11,mohtel,24,12000,69,61499,69,61499,19000,12500,153575,362,153575,122,,1590,,238,1,,68,,101,222,1807,13021
2025-08-12,mohtel,24,12000,100,61599,100,61599,19000,12500,154088,513,154088,122,,1590,,238,11,,89,,103,227,1838,13409
2025-08-13,mohtel,24,12000,123,61722,123,61722,19000,12500,154525,437,154525,122,,1590,,238,,,123,,106,235,1859,13594
2025-08-14,mohtel,24,12000,54,61776,54,61776,19000,12500,154906,381,154906,122,,1590,,238,4,,50,,106,239,1881,13863
2025-08-15,mohtel,24,12000,51,61827,51,61827,19000,12500,155275,369,155275,122,,1590,,238,2,,49,,107,240,1898,14113
2025-08-16,mohtel,24,12000,70,61897,70,61897,19000,12500,155660,385,155660,122,,1590,,238,8,,62,,108,251,1924,14288
2025-08-17,mohtel,24,12000,47,61944,47,61944,19000,12500,155886,226,155886,122,,1590,,238,9,,38,,110,258,1938,14420
2025-08-18,mohtel,24,12000,60,62004,60,62004,19000,12500,156230,344,156230,122,,1590,,238,,,60,,112,263,1965,14701
2025-08-19,mohtel,24,12000,60,62064,60,62064,19000,12500,156573,343,156573,122,,1590,239,239,2,,58,,112,266,1996,14898
2025-08-20,mohtel,24,12000,58,62122,58,62122,19000,12500,156758,185,156758,122,,1590,,239,2,,56,,112,269,2018,14947
2025-08-21,mohtel,24,12000,70,62192,70,62192,19000,12500,157114,356,157114,122,,1590,,239,,,70,,112,271,2036,15064
2025-08-22,mohtel,24,12000,71,62263,71,62263,19000,12500,157365,251,157365,122,,1590,,239,,,71,,112,273,2060,15197
2025-08-23,mohtel,24,12000,359,62622,359,62622,19000,12500,157673,308,157673,122,,1590,,239,,,61,298,114,281,2076,15308
2025-08-24,mohtel,24,12000,64,62686,64,62686,19000,12500,157951,278,157951,122,,1590,,239,,,64,,115,289,2095,15431
2025-08-25,mohtel,24,12000,58,62744,58,62744,19000,12500,158259,308,158259,122,,1590,244,244,,,58,,117,300,2123,15615
2025-08-26,mohtel,24,12000,75,62819,75,62819,19000,12500,158629,370,158629,138,,1590,246,246,,,75,,117,303,2140,15737
2025-08-27,mohtel,24,12000,76,62895,76,62895,19000,12500,158927,298,158927,138,,1590,,246,,,76,,119,313,2158,15843
2025-08-28,mohtel,24,12000,71,62966,71,62966,19000,12500,159266,339,159266,138,,1590,,246,,,71,,121,317,2180,16046
2025-08-29,mohtel,24,12000,59,63025,59,63025,19000,12500,159490,224,159490,138,,1590,,246,,,59,,123,322,2203,16228
2025-08-30,mohtel,24,12000,346,63371,346,63371,19000,12500,159835,345,159835,138,,1590,,246,4,,62,280,124,332,2218,16434
2025-08-31,mohtel,24,12000,88,63459,88,63459,19000,12500,160256,421,160256,138,,1590,247,247,,,88,,124,339,2248,16600
2025-09-01,mohtel,24,12000,98,63557,98,63557,19000,12500,160660,404,160660,138,,1590,,247,,,98,,127,348,2294,16839
2025-09-02,mohtel,24,12000,76,63633,76,63633,19000,12500,160914,254,160914,138,,1590,248,248,,,76,,130,361,2306,16929
2025-09-03,mohtel,24,12000,113,63746,113,63746,19000,12500,161245,331,161245,138,,1590,,248,,,113,,131,367,2339,17070
2025-09-04,mohtel,24,12000,485,64231,485,64231,19000,12500,161583,338,161583,138,,1590,,248,,,84,401,131,370,2356,17244
2025-09-05,mohtel,24,12000,69,64300,69,64300,20000,12500,162005,422,162005,139,1670,1670,248,248,,,69,,134,376,2362,17434
2025-09-06,mohtel,24,12000,68,64368,68,64368,20000,12500,162367,362,162367,139,,1670,,248,8,,60,,135,382,2385,17577
2025-09-07,mohtel,24,12000,87,64455,87,64455,20000,12500,162776,409,162776,139,,1670,,248,4,,83,,138,387,2416,17709
2025-09-08,mohtel,24,12000,67,64522,67,64522,20000,12500,163096,320,163096,139,,1670,,248,2,,65,,140,393,2430,17794
2025-09-09,mohtel,24,12000,83,64605,83,64605,20000,12500,163319,223,163319,139,,1670,,248,,,83,,140,399,2444,17831
2025-09-10,mohtel,24,12000,51,64656,51,64656,20000,12500,163503,184,163503,139,,1670,,248,2,,49,,141,404,2456,17861
2025-09-11,mohtel,24,12000,62,64718,62,64718,20000,12500,163859,356,163859,139,,1670,,248,,,62,,142,411,2465,17948
2025-09-12,mohtel,24,12000,38,64756,38,64756,20000,12500,164059,200,164059,139,,1670,,248,2,,36,,143,413,2479,18091
2025-09-13,mohtel,24,12000,47,64803,47,64803,20000,12500,164264,205,164264,139,,1670,,248,,,47,,145,420,2484,18117
2025-09-14,mohtel,24,12000,68,64871,68,64871,20000,12500,164610,346,164610,139,,1670,,248,,,68,,145,422,2494,18135
2025-09-15,mohtel,24,12000,34,64905,34,64905,20000,12500,164926,316,164926,139,,1670,251,251,1,,33,,145,425,2497,18182
2025-09-16,mohtel,24,12000,59,64964,59,64964,20000,12500,165312,386,165312,139,,1670,,251,,,59,,146,428,2497,18294
2025-09-17,mohtel,24,12000,98,65062,98,65062,20000,12500,165697,385,165697,139,,1670,,251,,,98,,146,432,2504,18381
2025-09-18,mohtel,24,12000,79,65141,79,65141,20000,12500,165925,228,165925,139,,1670,,251,,,79,,147,436,2513,18414
2025-09-19,mohtel,24,12000,33,65174,33,65174,20000,12500,166071,146,166071,139,,1670,,251,1,,32,,147,440,2514,18431
2025-09-20,mohtel,24,12000,34,65208,34,65208,20000,12500,166271,200,166271,139,,1670,,251,3,,31,,147,442,2518,18449
2025-09-21,mohtel,24,12000,75,65283,75,65283,20000,12500,166575,304,166575,139,,1670,,251,4,,71,,147,442,2523,18473
2025-09-22,mohtel,24,12000,61,65344,61,65344,20000,12500,166795,220,166795,139,,1670,,251,,,61,,147,442,2523,18496
2025-09-23,mohtel,24,12000,38,65382,38,65382,20000,12500,166985,190,166985,139,,1670,,251,,,38,,147,442,2526,18511
2025-09-24,mohtel,24,12000,37,65419,37,65419,20000,12500,167160,175,167160,139,,1670,,251,4,,33,,147,442,2531,18531
2025-09-25,mohtel,24,12000,83,65502,83,65502,20000,12500,167376,216,167376,139,,1670,,251,,,83,,147,442,2538,18581
2025-09-26,mohtel,24,12000,47,65549,47,65549,20000,12500,167518,142,167518,139,,1670,,251,,,47,,147,442,2543,18614
2025-09-27,mohtel,24,12000,377,65926,377,65926,20000,12500,167783,265,167783,139,,1670,252,252,3,,74,300,147,442,2560,18703
2025-09-28,mohtel,24,12000,79,66005,79,66005,20000,12500,168162,379,168162,139,,1670,,252,2,,77,,147,442,2566,18769
2025-09-29,mohtel,24,12000,50,66055,50,66055,20000,12500,168346,184,168346,139,,1670,,252,,,50,,147,442,2571,18817
2025-09-30,mohtel,24,12000,42,66097,42,66097,20000,12500,168536,190,168536,139,,1670,,252,,,42,,150,453,2576,18873
2025-10-01,mohtel,24,12000,51,66148,51,66148,20000,12500,168716,180,168716,139,,1670,254,254,,,51,,150,453,2580,18930
2025-10-02,mohtel,24,12000,77,66225,77,66225,20000,12500,168938,222,168938,139,,1670,,254,,,77,,150,453,2582,18974
2025-10-03,mohtel,24,12000,63,66288,63,66288,20000,12500,169165,227,169165,139,,1670,,254,,,63,,150,453,2597,19054
2025-10-04,mohtel,24,12000,786,67074,786,67074,20000,12500,169430,265,169430,139,,1670,,254,,,66,720,150,453,2603,19094
2025-10-05,mohtel,24,12000,65,67139,65,67139,20000,12500,169583,153,169583,140,1670,1670,254,254,2,,63,,154,460,2605,19124
2025-10-06,mohtel,24,12000,21,67160,21,67160,20000,12500,169679,96,169679,140,,1670,,254,2,,19,,154,460,2610,19143
2025-10-07,mohtel,24,12000,13,67173,13,67173,20179,12500,169780,101,169780,140,1701,1701,,254,,,13,,157,461,2613,19153
2025-10-08,mohtel,24,12000,10,67183,10,67183,20179,12500,169841,61,169841,140,,1701,,254,2,,8,,157,461,2613,19164
2025-10-09,mohtel,24,12000,11,67194,11,67194,20179,12500,169890,49,169890,140,,1701,,254,1,,10,,157,461,2615,19177
2025-10-10,mohtel,24,12000,17,67211,17,67211,20179,12500,169961,71,169961,140,,1701,,254,,,17,,157,461,2615,19182
2025-10-11,mohtel,24,12000,471,67682,471,67682,20179,12500,170033,72,170033,140,,1701,,254,116,,35,320,157,463,2615,19182
2025-10-12,mohtel,24,12000,124,67806,124,67806,20179,12500,170066,33,170066,140,,1701,,254,117,,7,,157,463,2615,19182
2025-10-13,mohtel,24,12000,63,67869,63,67869,20179,12500,170105,39,170105,140,,1701,255,255,60,,3,,157,463,2615,19182
2025-10-14,mohtel,24,12000,44,67913,44,67913,20179,12500,170134,29,170134,140,,1701,,255,38,,6,,157,463,2615,19182
2025-10-15,mohtel,24,12000,25,67938,25,67938,20179,12500,170169,35,170169,140,,1701,,255,16,1,8,,157,463,2615,19182
2025-10-16,mohtel,24,12000,29,67967,29,67967,20179,12500,170179,10,170179,140,,1701,,255,22,3,4,,157,463,2615,19182
2025-10-17,mohtel,0,12000,0,67967,0,67967,20179,12500,170179,0,170179,140,,1701,,255,,,,,157,463,2615,19182
2025-10-18,mohtel,48,12000,149,68116,149,68116,20179,12500,170200,21,170200,140,,1701,,255,23,2,4,120,157,463,2615,19182
2025-10-19,mohtel,24,12000,43,68159,43,68159,20179,12500,170203,3,170203,140,,1701,,255,35,,8,,157,463,2615,19182
2025-10-20,mohtel,24,12000,57,68216,57,68216,20179,12500,170361,158,170361,140,,1701,,255,12,,45,,157,463,2615,19182
2025-10-21,mohtel,24,12000,13,68229,13,68229,20179,12500,170369,8,170369,140,,1701,,255,6,,7,,157,463,2615,19182
2025-10-22,mohtel,24,12000,5,68234,5,68234,20179,12500,170373,4,170373,140,,1701,,255,4,,1,,157,463,2615,19182
2025-10-23,mohtel,24,12000,46,68280,46,68280,20179,12500,170375,2,170375,140,,1701,,255,13,,1,32,157,463,2615,19182
2025-10-24,mohtel,0,12000,0,68280,0,68280,20179,12500,170375,0,170375,140,,1701,,255,,,,,157,463,2615,19182
2025-10-25,mohtel,48,12000,239,68519,239,68519,20179,12500,170382,7,170382,140,,1701,,255,15,,4,220,157,463,2615,19182
2025-10-26,mohtel,0,12000,0,68519,0,68519,20179,12500,170382,0,170382,140,,1701,,255,,,,,157,463,2615,19182
2025-10-27,mohtel,48,12000,8,68527,8,68527,20179,12500,170395,13,170395,140,,1701,,255,,,8,,157,463,2615,19182
2025-10-28,mohtel,24,12000,4,68531,4,68531,20179,12500,170402,7,170402,140,,1701,,255,2,1,1,,157,463,2615,19182
2025-10-29,mohtel,24,12000,104,68635,104,68635,20179,12500,170655,253,170655,140,,1701,256,256,8,,96,,157,463,2615,19182
2025-10-30,mohtel,0,12000,8,68643,8,68643,20179,12500,170655,0,170655,140,,1701,,256,8,,,,157,463,2615,19182
2025-10-31,mohtel,0,12000,0,68643,0,68643,20179,12500,170655,0,170655,140,,1701,,256,,,,,157,463,2615,19182
2025-11-01,mohtel,48,12000,215,68858,215,68858,20179,12500,170664,9,170664,140,,1701,,256,17,,5,193,157,463,2615,19182
2025-11-02,mohtel,24,12000,7,68865,7,68865,20179,12500,170670,6,170670,140,,1701,,256,3,1,3,,157,463,2615,19182
2025-11-03,mohtel,24,12000,10,68875,10,68875,20179,12500,170670,0,170670,140,,1701,,256,8,,2,,157,463,2615,19182
2025-11-04,mohtel,24,12000,4,68879,4,68879,20179,12500,170671,1,170671,140,,1701,,256,1,,3,,157,463,2615,19182
2025-11-05,mohtel,24,12000,3,68882,3,68882,20179,12500,170673,2,170673,140,,1701,,256,2,,1,,157,463,2615,19182
2025-11-06,mohtel,0,12000,0,68882,0,68882,20179,12500,170673,0,170673,140,,1701,,256,,,,,157,463,2615,19182
2025-11-07,mohtel,0,12000,0,68882,0,68882,20179,12500,170673,0,170673,140,,1701,,256,,,,,157,463,2615,19182
2025-11-08,mohtel,72,12000,287,69169,287,69169,20179,12500,170685,12,170685,140,,1701,,256,2,,1,284,157,463,2615,19182
2025-11-09,mohtel,24,12000,7,69176,7,69176,20179,12500,170690,5,170690,140,,1701,,256,6,,1,,157,463,2615,19182
2025-11-10,mohtel,24,12000,3,69179,3,69179,20179,12500,170693,3,170693,140,,1701,,256,1,1,1,,157,463,2615,19182
2025-11-11,mohtel,24,12000,3,69182,3,69182,20179,12500,170694,1,170694,140,,1701,,256,,,3,,157,463,2615,19182
2025-11-12,mohtel,24,12000,3,69185,3,69185,20179,12500,170698,4,170698,140,,1701,,256,,,3,,157,463,2615,19182
2025-11-13,mohtel,24,12000,2,69187,2,69187,20179,12500,170703,5,170703,140,,1701,,256,1,,1,,157,463,2615,19182
2025-11-14,mohtel,0,12000,0,69187,0,69187,20179,12500,170703,0,170703,140,,1701,,256,,,,,157,463,2615,19182
2025-11-15,mohtel,0,12000,0,69187,0,69187,20179,12500,170703,0,170703,140,,1701,,256,,,,,157,463,2615,19182
2025-11-16,mohtel,72,12000,296,69483,296,69483,20179,12500,170706,3,170706,140,,1701,,256,15,,2,279,157,463,2615,19182
2025-11-17,mohtel,24,12000,23,69506,23,69506,20179,12500,170712,6,170712,140,,1701,,256,23,,,,157,463,2615,19182
2025-11-18,mohtel,0,12000,0,69506,0,69506,20179,12500,170712,0,170712,140,,1701,,256,0,,,,157,463,2615,19182
2025-11-19,mohtel,48,12000,7,69513,7,69513,20179,12500,170745,33,170745,140,,1701,,256,2,,5,,157,463,2615,19182
2025-11-20,mohtel,24,12000,33,69546,33,69546,20179,12500,170833,88,170833,140,,1701,,256,1,,32,,157,463,2615,19182