report_date,verified.killed,verified.killed_cum,verified.injured,verified.injured_cum,verified.killed_children,verified.killed_children_cum,verified.injured_children,verified.injured_children_cum,killed_cum,killed_children_cum,injured_cum,injured_children_cum,settler_attacks_cum,flash_source
2023-10-07,6,6,197,197,2,2,31,31,3,0,23,1,3,un
2023-10-08,8,14,127,324,3,5,7,38,13,1,194,1,9,un
2023-10-09,4,18,88,412,0,5,19,57,15,3,295,34,19,un
2023-10-10,5,23,72,484,0,5,7,64,19,3,332,39,29,un
2023-10-11,6,29,85,569,2,7,17,81,26,3,427,62,39,un
2023-10-12,7,36,49,618,0,7,11,92,33,5,500,81,49,un
2023-10-13,17,53,613,1231,6,13,27,119,43,8,700,92,63,un
2023-10-14,3,56,13,1244,2,15,1,120,54,13,1150,106,67,un
2023-10-15,2,58,18,1262,1,16,2,122,61,15,1173,113,70,un
2023-10-16,2,60,23,1285,0,16,0,122,61,15,1176,113,70,un
2023-10-17,3,63,54,1339,0,16,4,126,61,16,1230,117,82,un
2023-10-18,4,67,150,1489,2,18,6,132,64,18,1264,122,86,un
2023-10-19,15,82,160,1649,7,25,9,141,79,20,1404,129,100,un
2023-10-20,2,84,88,1737,2,27,13,154,88,26,1404,134,102,un
2023-10-21,2,86,57,1794,0,27,3,157,88,27,1658,150,103,un
2023-10-22,8,94,75,1869,2,29,4,161,91,27,1704,157,113,un
2023-10-23,2,96,12,1881,0,29,1,162,95,28,1708,157,120,un
2023-10-24,1,97,9,1890,0,29,0,162,95,28,1803,160,136,un
2023-10-25,6,103,87,1977,4,33,4,166,102,31,1859,160,138,un
2023-10-26,2,105,31,2008,1,34,5,171,103,32,1916,168,146,un
2023-10-27,4,109,91,2099,1,35,18,189,108,33,1970,174,146,un
2023-10-28,1,110,31,2130,0,35,3,192,109,33,2011,180,154,un
2023-10-29,5,115,74,2204,0,35,10,202,115,33,2150,193,167,un
2023-10-30,7,122,70,2274,2,37,27,229,121,33,2158,201,171,un
2023-10-31,3,125,25,2299,2,39,9,238,123,34,2159,201,178,un
2023-11-01,4,129,29,2328,0,39,3,241,128,35,2214,234,186,un
2023-11-02,9,138,43,2371,3,42,1,242,132,41,2221,236,186,un
2023-11-03,7,145,24,2395,2,44,7,249,135,42,2309,239,195,un
2023-11-04,1,146,14,2409,0,44,0,249,136,43,2362,241,198,un
2023-11-05,5,151,21,2430,1,45,1,250,141,43,2386,244,202,un
2023-11-06,7,158,24,2454,1,46,3,253,147,44,2404,248,208,un
2023-11-07,2,160,24,2478,0,46,3,256,150,44,2439,251,218,un
2023-11-08,1,161,122,2600,0,46,8,264,150,44,2461,253,222,un
2023-11-09,18,179,94,2694,4,50,7,271,167,45,2558,253,230,un
2023-11-10,1,180,6,2700,1,51,1,272,168,46,2618,253,233,un
2023-11-11,2,182,22,2722,0,51,4,276,169,46,2630,262,235,un
2023-11-12,1,183,9,2731,0,51,2,278,172,46,2630,267,241,un
2023-11-13,8,191,27,2758,0,51,3,281,173,46,2630,275,241,un
2023-11-14,2,193,8,2766,1,52,2,283,182,46,2654,278,244,un
2023-11-15,0,193,4,2770,0,52,1,284,183,47,2659,279,246,un
2023-11-16,6,199,28,2798,0,52,5,289,186,51,2665,282,248,un
2023-11-17,2,201,14,2812,0,52,2,291,191,51,2688,287,251,un
2023-11-18,6,207,90,2902,1,53,60,351,198,52,2782,347,253,un
2023-11-19,2,209,25,2927,0,53,7,358,200,52,2807,355,254,un
2023-11-20,2,211,8,2935,0,53,0,358,201,52,2815,355,256,un
2023-11-21,7,218,16,2951,0,53,4,362,201,52,2818,355,271,un
2023-11-22,3,221,38,2989,1,54,4,366,209,52,2836,364,277,un
2023-11-23,2,223,13,3002,1,55,2,368,211,54,2874,364,281,un
2023-11-24,2,225,39,3041,0,55,4,372,213,55,2885,364,281,un
2023-11-25,7,232,46,3087,4,59,8,380,215,55,2885,364,281,un
2023-11-26,1,233,126,3213,0,59,117,497,222,58,2995,369,284,un
2023-11-27,0,233,5,3218,0,59,2,499,231,59,3184,496,287,un
2023-11-28,7,240,36,3254,4,63,11,510,232,61,3192,500,287,un
2023-11-29,0,240,13,3267,0,63,0,510,238,63,3224,508,295,un
2023-11-30,2,242,52,3319,0,63,1,511,241,63,3283,509,299,un
2023-12-01,0,242,44,3363,0,63,1,512,241,63,3327,509,302,un
2023-12-02,3,245,49,3412,2,65,11,523,243,65,3368,516,305,un
2023-12-03,1,246,3,3415,0,65,2,525,244,65,3379,520,308,un
2023-12-04,5,251,37,3452,0,65,6,531,246,65,3415,520,314,un
2023-12-05,1,252,30,3482,0,65,6,537,249,65,3427,528,318,un
2023-12-06,5,257,27,3509,2,67,1,538,253,66,3443,530,318,un
2023-12-07,1,258,35,3544,0,67,11,549,256,67,3470,533,320,un
2023-12-08,6,264,36,3580,1,68,2,551,263,68,3489,535,330,un
2023-12-09,3,267,29,3609,1,69,0,551,265,69,3533,535,331,un
2023-12-10,0,267,9,3618,0,69,2,553,265,69,3533,535,331,un
2023-12-11,0,267,5,3623,0,69,2,555,265,69,3574,535,331,un
2023-12-12,11,278,106,3729,3,72,5,560,271,69,3584,541,336,un
2023-12-13,0,278,5,3734,0,72,1,561,271,69,3591,541,343,un
2023-12-14,0,278,17,3751,0,72,3,564,276,70,3605,549,343,un
2023-12-15,1,279,9,3760,0,72,2,566,278,70,3710,552,344,un
2023-12-16,8,287,10,3770,1,73,4,570,278,70,3710,552,344,un
2023-12-17,1,288,8,3778,0,73,2,572,290,73,3710,552,344,fill
2023-12-18,4,292,11,3789,2,75,3,575,291,75,3740,561,347,un
2023-12-19,0,292,20,3809,0,75,0,575,291,75,3765,562,351,un
2023-12-20,2,294,20,3829,1,76,4,579,291,75,3771,562,353,un
2023-12-21,0,294,53,3882,0,76,2,581,293,76,3907,575,353,un
2023-12-22,0,294,8,3890,0,76,1,582,293,76,3907,575,353,un
2023-12-23,0,294,1,3891,0,76,0,582,293,76,3907,575,355,fill
2023-12-24,0,294,4,3895,0,76,1,583,293,76,3907,575,358,fill
2023-12-25,0,294,11,3906,0,76,1,584,293,76,3907,575,361,fill
2023-12-26,2,296,4,3910,1,77,1,585,295,77,3909,576,367,un
2023-12-27,7,303,16,3926,2,79,3,588,300,79,3909,576,367,un
2023-12-28,4,307,33,3959,0,79,4,592,304,79,3915,580,370,un
2023-12-29,2,309,29,3988,2,81,8,600,307,79,3925,582,370,un
2023-12-30,1,310,3,3991,0,81,0,600,307,79,3925,582,370,un
2023-12-31,0,310,27,4018,0,81,2,602,307,79,3925,582,370,fill
2024-01-01,0,310,0,4018,0,81,0,602,307,79,3925,582,370,fill
2024-01-02,4,314,12,4030,0,81,0,602,313,80,4052,593,372,un
2024-01-03,0,314,30,4060,0,81,7,609,313,80,4052,593,376,un
2024-01-04,1,315,5,4065,0,81,0,609,314,80,4052,593,381,un
2024-01-05,1,316,6,4071,1,82,1,610,315,81,4052,604,381,un
2024-01-06,7,323,10,4081,1,83,2,612,322,82,4052,604,381,fill
2024-01-07,4,327,16,4097,1,84,9,621,326,84,4052,606,381,un
2024-01-08,3,330,16,4113,0,84,3,624,329,84,4068,614,386,un
2024-01-09,1,331,19,4132,0,84,5,629,330,84,4097,622,391,un
2024-01-10,1,332,56,4188,0,84,7,636,331,84,4148,627,396,un
2024-01-11,1,333,2,4190,0,84,0,636,332,84,4157,630,404,un
2024-01-12,4,337,3,4193,1,85,2,638,333,84,4176,631,413,un
2024-01-13,0,337,19,4212,0,85,4,642,333,84,4176,631,413,fill
2024-01-14,5,342,7,4219,3,88,1,643,339,88,4197,635,413,un
2024-01-15,3,345,19,4238,0,88,6,649,344,88,4212,637,421,un
2024-01-16,0,345,16,4254,0,88,1,650,344,88,4215,642,430,un
2024-01-17,13,358,58,4312,3,91,2,652,355,90,4234,643,431,un
2024-01-18,0,358,13,4325,0,91,2,654,357,90,4252,645,433,un
2024-01-19,1,359,9,4334,1,92,0,654,358,91,4310,647,439,un
2024-01-20,0,359,5,4339,0,92,0,654,358,91,4310,647,439,fill
2024-01-21,0,359,6,4345,0,92,1,655,358,91,4313,647,441,un
2024-01-22,1,360,15,4360,1,93,4,659,358,91,4334,654,444,un
2024-01-23,1,361,5,4365,0,93,1,660,360,92,4348,656,452,un
2024-01-24,0,361,4,4369,0,93,0,660,360,92,4353,657,456,un
2024-01-25,1,362,3,4372,0,93,0,660,361,92,4354,657,457,un
2024-01-26,1,363,3,4375,0,93,0,660,361,92,4358,657,460,un
2024-01-27,0,363,0,4375,0,93,0,660,361,92,4358,657,460,un
2024-01-28,0,363,5,4380,0,93,0,660,362,92,4366,657,464,un
2024-01-29,5,368,9,4389,1,94,1,661,367,94,4382,660,472,un
2024-01-30,3,371,1,4390,0,94,0,661,370,94,4386,660,477,un
2024-01-31,0,371,1,4391,0,94,0,661,370,94,4387,660,494,un
2024-02-01,0,371,7,4398,0,94,2,663,372,94,4391,661,494,un
2024-02-02,0,371,2,4400,0,94,0,663,372,94,4391,661,495,un
2024-02-03,0,371,12,4412,0,94,4,667,372,94,4391,661,495,fill
2024-02-04,0,371,5,4417,0,94,3,670,372,94,4408,669,498,un
2024-02-05,1,372,2,4419,1,95,1,671,373,95,4415,670,506,un
2024-02-06,1,373,1,4420,0,95,0,671,374,96,4417,670,507,un
2024-02-07,3,376,12,4432,0,95,1,672,377,96,4426,670,512,un
2024-02-08,2,378,19,4451,0,95,5,677,383,96,4433,671,514,un
2024-02-09,1,379,6,4457,1,96,1,678,384,97,4443,672,516,un
2024-02-10,1,380,10,4467,1,97,5,683,385,98,4443,672,516,fill
2024-02-11,1,381,1,4468,0,97,1,684,385,98,4444,673,516,fill
2024-02-12,1,382,7,4475,1,98,1,685,385,98,4444,673,516,fill
2024-02-13,1,383,3,4478,0,98,2,687,388,99,4475,686,527,un
2024-02-14,1,384,20,4498,1,99,10,697,388,99,4475,686,532,un
2024-02-15,0,384,6,4504,0,99,1,698,389,100,4499,697,537,un
2024-02-16,0,384,4,4508,0,99,0,698,389,100,4503,698,552,un
2024-02-17,0,384,2,4510,0,99,1,699,389,100,4503,698,552,fill
2024-02-18,3,387,6,4516,0,99,2,701,392,100,4503,698,552,fill
2024-02-19,0,387,5,4521,0,99,1,702,393,100,4511,699,558,un
2024-02-20,1,388,2,4523,0,99,0,702,393,100,4522,702,561,un
2024-02-21,1,389,1,4524,1,100,0,702,394,100,4528,702,573,un
2024-02-22,4,393,42,4566,1,101,4,706,397,101,4530,702,577,un
2024-02-23,0,393,10,4576,0,101,1,707,399,102,4545,702,583,un
2024-02-24,0,393,3,4579,0,101,0,707,399,102,4545,702,583,fill
2024-02-25,0,393,13,4592,0,101,0,707,399,102,4545,702,583,fill
2024-02-26,3,396,4,4596,0,101,0,707,400,102,4575,707,586,un
2024-02-27,2,398,1,4597,0,101,0,707,403,102,4590,708,590,un
2024-02-28,0,398,8,4605,0,101,1,708,404,102,4592,708,595,un
2024-02-29,5,403,9,4614,1,102,0,708,406,103,4606,709,601,un
2024-03-01,0,403,1,4615,0,102,0,708,409,103,4611,709,603,un
2024-03-02,2,405,4,4619,2,104,1,709,411,105,4612,710,603,fill
2024-03-03,0,405,1,4620,0,104,0,709,411,105,4612,710,603,fill
2024-03-04,2,407,22,4642,1,105,2,711,412,106,4623,710,607,un
2024-03-05,2,409,6,4648,1,106,3,714,413,107,4645,712,615,un
2024-03-06,1,410,8,4656,0,106,3,717,415,107,4648,712,622,un
2024-03-07,0,410,5,4661,0,106,0,717,416,107,4658,718,623,un
2024-03-08,1,411,5,4666,0,106,0,717,417,107,4665,718,624,un
2024-03-09,0,411,3,4669,0,106,1,718,417,107,4665,718,624,fill
2024-03-10,0,411,1,4670,0,106,1,719,417,107,4665,718,624,fill
2024-03-11,2,413,6,4676,0,106,2,721,417,107,4665,718,626,un
2024-03-12,3,416,7,4683,2,108,1,722,417,107,4665,718,626,fill
2024-03-13,3,419,4,4687,1,109,1,723,418,107,4680,722,639,un
2024-03-14,0,419,0,4687,0,109,0,723,418,107,4690,724,645,un
2024-03-15,1,420,1,4688,0,109,0,723,418,107,4690,724,646,un
2024-03-16,1,421,0,4688,0,109,0,723,419,107,4690,724,650,fill
2024-03-17,0,421,1,4689,0,109,1,724,419,107,4690,724,650,fill
2024-03-18,0,421,0,4689,0,109,0,724,419,107,4690,724,650,un
2024-03-19,2,423,0,4689,0,109,0,724,420,107,4690,724,658,un
2024-03-20,7,430,6,4695,0,109,0,724,422,107,4690,724,660,un
2024-03-21,4,434,7,4702,0,109,0,724,431,107,4690,725,660,un
2024-03-22,2,436,5,4707,0,109,3,727,434,107,4700,725,660,un
2024-03-23,0,436,0,4707,0,109,0,727,434,107,4700,725,660,fill
2024-03-24,0,436,5,4712,0,109,2,729,434,107,4700,725,683,fill
2024-03-25,0,436,9,4721,0,109,1,730,434,107,4700,725,683,fill
2024-03-26,0,436,3,4724,0,109,1,731,434,107,4700,725,683,fill
2024-03-27,4,440,9,4733,0,109,0,731,442,107,4700,725,683,un
2024-03-28,0,440,11,4744,0,109,4,735,442,107,4700,725,683,fill
2024-03-29,0,440,0,4744,0,109,0,735,442,107,4700,725,683,fill
2024-03-30,1,441,9,4753,1,110,2,737,443,108,4700,725,683,fill
2024-03-31,0,441,1,4754,0,110,0,737,444,108,4700,725,683,fill
2024-04-01,0,441,2,4756,0,110,0,737,444,110,4760,739,704,un
2024-04-02,1,442,5,4761,0,110,0,737,444,110,4760,739,704,fill
2024-04-03,0,442,1,4762,0,110,0,737,444,110,4760,739,704,fill
2024-04-04,1,443,5,4767,0,110,3,740,444,110,4760,739,704,fill
2024-04-05,1,444,6,4773,0,110,2,742,444,110,4760,739,704,fill
2024-04-06,0,444,18,4791,0,110,2,744,444,110,4760,739,704,fill
2024-04-07,0,444,3,4794,0,110,0,744,444,110,4760,739,704,fill
2024-04-08,1,445,2,4796,0,110,0,744,444,110,4760,739,704,fill
2024-04-09,0,445,1,4797,0,110,0,744,444,110,4760,739,704,fill
2024-04-10,0,445,7,4804,0,110,0,744,444,110,4760,739,704,fill
2024-04-11,0,445,0,4804,0,110,0,744,444,110,4760,739,704,fill
2024-04-12,3,448,36,4840,0,110,4,748,444,110,4800,743,727,un
2024-04-13,1,449,25,4865,1,111,5,753,446,111,4845,743,744,un
2024-04-14,0,449,10,4875,0,111,3,756,446,111,4845,743,744,fill
2024-04-15,3,452,15,4890,1,112,2,758,447,112,4845,743,744,un
2024-04-16,0,452,2,4892,0,112,0,758,447,112,4845,743,744,fill
2024-04-17,0,452,2,4894,0,112,0,758,455,112,4890,743,774,un
2024-04-18,14,466,50,4944,3,115,1,759,455,112,4890,743,774,fill
2024-04-19,0,466,6,4950,0,115,2,761,455,112,4890,743,774,fill
2024-04-20,1,467,3,4953,0,115,0,761,469,115,4890,743,774,fill
2024-04-21,3,470,6,4959,0,115,0,761,469,115,4890,743,774,fill
2024-04-22,0,470,6,4965,0,115,0,761,469,115,4890,743,774,fill
2024-04-23,1,471,5,4970,0,115,3,764,469,115,4890,743,774,fill
2024-04-24,1,472,0,4970,0,115,0,764,469,115,4890,743,774,un
2024-04-25,1,473,1,4971,1,116,0,764,470,116,4974,743,794,fill
2024-04-26,0,473,0,4971,0,116,0,764,470,116,4974,743,794,fill
2024-04-27,2,475,2,4973,0,116,0,764,472,116,4974,743,794,fill
2024-04-28,0,475,1,4974,0,116,0,764,472,116,4974,743,794,fill
2024-04-29,0,475,5,4979,0,116,1,765,472,116,4974,743,794,fill
2024-04-30,0,475,2,4981,0,116,0,765,472,116,4974,743,794,fill
2024-05-01,4,479,1,4982,0,116,0,765,474,116,5000,743,800,un
2024-05-02,0,479,3,4985,0,116,1,766,474,116,5000,743,800,fill
2024-05-03,0,479,2,4987,0,116,1,767,474,116,5000,743,800,fill
2024-05-04,0,479,8,4995,0,116,3,770,479,116,5000,743,800,fill
2024-05-05,0,479,5,5000,0,116,2,772,479,116,5000,743,800,fill
2024-05-06,1,480,,5015,0,116,,775,479,116,5000,750,800,fill
2024-05-07,0,480,0,5015,0,116,0,775,480,116,5000,772,800,un
2024-05-08,0,480,0,5015,0,116,0,775,480,116,5000,772,829,un
2024-05-09,0,480,4,5019,0,116,2,777,480,116,5000,772,829,fill
2024-05-10,0,480,0,5019,0,116,0,777,480,116,5000,772,829,fill
2024-05-11,0,480,0,5019,0,116,0,777,480,116,5000,772,829,fill
2024-05-12,1,481,8,5027,0,116,3,780,480,116,5000,772,829,fill
2024-05-13,0,481,14,5041,0,116,0,780,480,116,5000,772,829,fill
2024-05-14,0,481,3,5044,0,116,0,780,480,116,5000,772,829,fill
2024-05-15,4,485,3,5047,0,116,1,781,480,116,5040,773,848,un
2024-05-16,1,486,9,5056,1,117,3,784,480,116,5040,773,848,fill
2024-05-17,3,489,16,5072,0,117,2,786,480,116,5040,773,848,fill
2024-05-18,0,489,3,5075,0,117,1,787,480,116,5040,773,848,fill
2024-05-19,1,490,1,5076,0,117,0,787,480,116,5040,773,848,fill
2024-05-20,0,490,3,5079,0,117,0,787,489,117,5100,790,896,un
2024-05-21,12,502,23,5102,4,121,0,787,489,117,5100,790,896,fill
2024-05-22,0,502,0,5102,0,121,0,787,497,119,5100,790,896,fill
2024-05-23,0,502,3,5105,0,121,2,789,497,119,5100,790,896,fill
2024-05-24,0,502,2,5107,0,121,2,791,497,119,5100,790,896,fill
2024-05-25,0,502,6,5113,0,121,2,793,497,119,5100,790,896,fill
2024-05-26,1,503,5,5118,1,122,3,796,497,119,5100,790,896,fill
2024-05-27,0,503,5,5123,0,122,1,797,502,122,5135,797,916,un
2024-05-28,0,503,7,5130,0,122,0,797,502,122,5135,797,916,fill
2024-05-29,0,503,2,5132,0,122,1,798,502,122,5135,797,916,fill
2024-05-30,1,504,14,5146,0,122,1,799,502,122,5135,797,916,fill
2024-05-31,0,504,1,5147,0,122,0,799,502,122,5135,797,916,fill
2024-06-01,0,504,6,5153,0,122,0,799,502,122,5135,797,916,fill
2024-06-02,2,506,2,5155,2,124,0,799,502,122,5135,797,916,fill
2024-06-03,3,509,9,5164,0,124,0,799,508,124,5150,800,943,un
2024-06-04,0,509,3,5167,0,124,0,799,508,124,5150,800,943,fill
2024-06-05,0,509,7,5174,0,124,0,799,508,124,5150,800,943,fill
2024-06-06,4,513,25,5199,1,125,1,800,508,124,5150,800,943,fill
2024-06-07,,519,,5206,,130,,801,508,124,5150,800,943,fill
2024-06-08,1,520,14,5220,0,130,1,802,508,124,5150,800,943,fill
2024-06-09,0,520,9,5229,0,130,4,806,508,124,5150,800,943,fill
2024-06-10,6,526,15,5244,1,131,4,810,521,126,5200,800,968,un
2024-06-11,6,532,12,5256,1,132,1,811,527,126,5200,800,968,fill
2024-06-12,0,532,3,5259,0,132,0,811,527,126,5200,800,968,fill
2024-06-13,3,535,4,5263,0,132,0,811,527,126,5200,800,968,fill
2024-06-14,0,535,16,5279,0,132,2,813,527,126,5200,800,968,fill
2024-06-15,1,536,6,5285,1,133,0,813,527,126,5200,800,968,fill
2024-06-16,0,536,3,5288,0,133,0,813,527,126,5200,800,968,fill
2024-06-17,0,536,16,5304,0,133,5,818,527,126,5200,800,968,fill
2024-06-18,1,537,11,5315,0,133,4,822,536,128,5218,802,979,un
2024-06-19,0,537,18,5333,0,133,1,823,536,128,5218,802,979,fill
2024-06-20,1,538,1,5334,1,134,0,823,536,128,5218,802,979,fill
2024-06-21,2,540,4,5338,0,134,1,824,536,128,5218,802,979,fill
2024-06-22,1,541,14,5352,1,135,0,824,536,128,5218,802,979,fill
2024-06-23,0,541,15,5367,0,135,5,829,536,128,5218,802,979,fill
2024-06-24,0,541,6,5373,0,135,0,829,536,130,5370,830,1018,un
2024-06-25,0,541,3,5376,0,135,2,831,536,130,5370,830,1018,fill
2024-06-26,0,541,6,5382,0,135,1,832,536,130,5370,830,1018,fill
2024-06-27,0,541,4,5386,0,135,0,832,536,130,5370,830,1018,fill
2024-06-28,0,541,2,5388,0,135,0,832,536,130,5370,830,1018,fill
2024-06-29,0,541,5,5393,0,135,0,832,536,130,5370,830,1018,fill
2024-06-30,1,542,7,5400,0,135,0,832,536,130,5370,830,1018,fill
2024-07-01,2,544,16,5416,1,136,4,836,539,131,5420,830,1050,un
2024-07-02,4,548,11,5427,0,136,3,839,539,131,5420,830,1050,fill
2024-07-03,1,549,24,5451,0,136,0,839,539,131,5420,830,1050,fill
2024-07-04,0,549,7,5458,0,136,0,839,539,131,5420,830,1050,fill
2024-07-05,7,556,21,5479,0,136,2,841,539,131,5420,830,1050,fill
2024-07-06,2,558,14,5493,0,136,2,843,539,131,5420,830,1050,fill
2024-07-07,1,559,2,5495,0,136,0,843,539,131,5420,830,1050,fill
2024-07-08,0,559,12,5507,0,136,3,846,553,131,5500,850,1084,un
2024-07-09,1,560,9,5516,1,137,4,850,554,132,5500,850,1084,fill
2024-07-10,0,560,6,5522,0,137,3,853,554,132,5500,850,1084,fill
2024-07-11,1,561,11,5533,1,138,6,859,554,132,5500,850,1084,fill
2024-07-12,1,562,0,5533,0,138,0,859,554,132,5500,850,1084,fill
2024-07-13,0,562,5,5538,0,138,0,859,554,132,5500,850,1084,fill
2024-07-14,1,563,4,5542,0,138,0,859,554,132,5500,850,1084,fill
2024-07-15,0,563,1,5543,0,138,0,859,554,132,5537,863,1122,un
2024-07-16,1,564,3,5546,0,138,0,859,555,132,5537,863,1122,fill
2024-07-17,0,564,3,5549,0,138,0,859,555,132,5537,863,1122,fill
2024-07-18,0,564,1,5550,0,138,0,859,555,132,5537,863,1122,fill
2024-07-19,2,566,2,5552,0,138,0,859,555,132,5537,863,1122,fill
2024-07-20,0,566,3,5555,0,138,0,859,555,132,5537,863,1122,fill
2024-07-21,0,566,1,5556,0,138,0,859,555,132,5537,863,1122,fill
2024-07-22,5,571,9,5565,0,138,0,859,563,132,5554,863,1143,un
2024-07-23,4,575,10,5575,1,139,6,865,563,132,5554,863,1143,fill
2024-07-24,2,577,2,5577,0,139,1,866,563,132,5554,863,1143,fill
2024-07-25,0,577,2,5579,0,139,0,866,563,132,5554,863,1143,fill
2024-07-26,0,577,23,5602,0,139,9,875,563,132,5554,863,1143,fill
2024-07-27,2,579,45,5647,1,140,4,879,563,132,5554,863,1143,fill
2024-07-28,0,579,1,5648,0,140,0,879,563,132,5554,863,1143,fill
2024-07-29,0,579,3,5651,0,140,2,881,569,132,5632,885,1164,un
2024-07-30,2,581,3,5654,1,141,0,881,570,133,5632,885,1164,fill
2024-07-31,0,581,12,5666,0,141,1,882,570,133,5632,885,1164,fill
2024-08-01,0,581,13,5679,0,141,2,884,570,133,5632,885,1164,fill
2024-08-02,1,582,16,5695,0,141,2,886,570,133,5632,885,1164,fill
2024-08-03,9,591,13,5708,0,141,2,888,570,133,5632,885,1164,fill
2024-08-04,1,592,10,5718,0,141,1,889,570,133,5632,885,1164,fill
2024-08-05,9,601,19,5737,2,143,0,889,587,135,5688,891,1191,un
2024-08-06,4,605,10,5747,0,143,0,889,587,135,5688,891,1191,fill
2024-08-07,1,606,11,5758,0,143,4,893,600,135,5688,891,1191,fill
2024-08-08,0,606,4,5762,0,143,2,895,600,135,5688,891,1191,fill
2024-08-09,0,606,14,5776,0,143,0,895,600,135,5688,891,1191,fill
2024-08-10,0,606,10,5786,0,143,3,898,600,135,5688,891,1191,fill
2024-08-11,2,608,8,5794,0,143,0,898,600,135,5688,891,1191,fill
2024-08-12,1,609,6,5800,0,143,3,901,600,135,5742,902,1250,un
2024-08-13,2,611,13,5813,1,144,2,903,600,135,5742,902,1250,fill
2024-08-14,5,616,12,5825,1,145,2,905,600,135,5742,902,1250,fill
2024-08-15,3,619,19,5844,0,145,1,906,600,135,5742,902,1250,fill
2024-08-16,0,619,8,5852,0,145,2,908,600,135,5742,902,1250,fill
2024-08-17,2,621,3,5855,0,145,2,910,600,135,5742,902,1250,fill
2024-08-18,0,621,3,5858,0,145,0,910,600,135,5742,902,1250,fill
2024-08-19,1,622,8,5866,0,145,3,913,607,137,5803,912,1270,un
2024-08-20,1,623,7,5873,0,145,0,913,607,137,5803,912,1270,fill
2024-08-21,1,624,5,5878,0,145,3,916,607,137,5803,912,1270,fill
2024-08-22,3,627,2,5880,0,145,1,917,607,137,5803,912,1270,fill
2024-08-23,0,627,7,5887,0,145,1,918,607,137,5803,912,1270,fill
2024-08-24,0,627,10,5897,0,145,3,921,607,137,5803,912,1270,fill
2024-08-25,4,631,11,5908,2,147,1,922,607,137,5803,921,1270,fill
2024-08-26,7,638,6,5914,2,149,0,922,622,141,5850,921,1301,un
2024-08-27,0,638,1,5915,0,149,0,922,622,141,5850,921,1301,fill
2024-08-28,16,654,70,5985,2,151,3,925,622,141,5850,921,1301,fill
2024-08-29,3,657,3,5988,0,151,1,926,622,141,5850,921,1301,fill
2024-08-30,5,662,2,5990,0,151,1,927,622,141,5850,921,1301,fill
2024-08-31,0,662,13,6003,0,151,1,928,622,141,5850,921,1301,fill
2024-09-01,4,666,8,6011,3,154,3,931,622,141,5850,921,1301,fill
2024-09-02,2,668,14,6025,1,155,1,932,652,148,5929,932,1317,un
2024-09-03,3,671,9,6034,1,156,2,934,652,148,5929,932,1317,fill
2024-09-04,0,671,4,6038,0,156,1,935,652,148,5929,932,1317,fill
2024-09-05,6,677,22,6060,1,157,2,937,652,148,5929,932,1317,fill
2024-09-06,1,678,5,6065,1,158,1,938,652,148,5929,932,1317,fill
2024-09-07,0,678,12,6077,0,158,1,939,652,148,5929,932,1317,fill
2024-09-08,0,678,6,6083,0,158,2,941,652,148,5929,932,1317,fill
2024-09-09,0,678,5,6088,0,158,2,943,674,151,5988,941,1360,un
2024-09-10,2,680,8,6096,0,158,0,943,674,151,5988,941,1360,fill
2024-09-11,8,688,4,6100,1,159,0,943,674,151,5988,941,1360,fill
2024-09-12,1,689,13,6113,0,159,5,948,674,151,5988,941,1360,fill
2024-09-13,0,689,17,6130,0,159,0,948,674,151,5988,941,1360,fill
2024-09-14,0,689,3,6133,0,159,0,948,674,151,5988,941,1360,fill
2024-09-15,0,689,3,6136,0,159,0,948,674,151,5988,941,1360,fill
2024-09-16,2,691,15,6151,0,159,1,949,685,152,6038,947,1383,un
2024-09-17,1,692,1,6152,0,159,1,950,685,152,6038,947,1383,fill
2024-09-18,2,694,15,6167,2,161,1,951,685,152,6038,947,1383,fill
2024-09-19,7,701,12,6179,0,161,4,955,685,152,6038,947,1383,fill
2024-09-20,1,702,47,6226,0,161,3,958,685,152,6038,947,1383,fill
2024-09-21,0,702,2,6228,0,161,1,959,685,152,6038,947,1383,fill
2024-09-22,0,702,6,6234,0,161,2,961,685,152,6038,947,1383,fill
2024-09-23,0,702,7,6241,0,161,3,964,696,154,6128,969,1408,un
2024-09-24,1,703,15,6256,0,161,6,970,696,154,6128,969,1408,fill
2024-09-25,1,704,3,6259,0,161,2,972,696,154,6128,969,1408,fill
2024-09-26,1,705,49,6308,0,161,41,1013,696,154,6128,969,1408,fill
2024-09-27,0,705,19,6327,0,161,7,1020,696,154,6128,969,1408,fill
2024-09-28,0,705,8,6335,0,161,0,1020,696,154,6128,969,1408,fill
2024-09-29,0,705,16,6351,0,161,2,1022,696,154,6128,969,1408,fill
2024-09-30,0,705,0,6351,0,161,0,1022,699,154,6237,1027,1423,un
2024-10-01,2,707,25,6376,0,161,0,1022,699,154,6237,1027,1423,fill
2024-10-02,0,707,1,6377,0,161,0,1022,699,154,6237,1027,1423,fill
2024-10-03,19,726,7,6384,3,164,0,1022,699,154,6237,1027,1423,fill
2024-10-04,0,726,22,6406,0,164,0,1022,699,154,6237,1027,1423,fill
2024-10-05,1,727,22,6428,0,164,1,1023,699,154,6237,1027,1423,fill
2024-10-06,0,727,6,6434,0,164,1,1024,699,154,6237,1027,1423,fill
2024-10-07,1,728,42,6476,1,165,16,1040,719,158,6367,1043,1454,un
2024-10-08,0,728,3,6479,0,165,0,1040,719,158,6367,1043,1454,fill
2024-10-09,5,733,2,6481,0,165,0,1040,719,158,6367,1043,1454,fill
2024-10-10,2,735,0,6481,0,165,0,1040,719,158,6367,1043,1454,fill
2024-10-11,0,735,66,6547,0,165,1,1041,719,158,6367,1043,1454,fill
2024-10-12,0,735,14,6561,0,165,2,1043,719,158,6367,1043,1454,fill
2024-10-13,0,735,10,6571,0,165,4,1047,719,158,6367,1043,1454,fill
2024-10-14,2,737,9,6580,1,166,3,1050,728,159,6471,1052,1486,un
2024-10-15,0,737,1,6581,0,166,0,1050,728,159,6471,1052,1486,fill
2024-10-16,0,737,0,6581,0,166,0,1050,728,159,6471,1052,1486,fill
2024-10-17,0,737,0,6581,0,166,0,1050,728,159,6471,1052,1486,fill
2024-10-18,0,737,0,6581,0,166,0,1050,728,159,6471,1052,1486,fill
2024-10-19,0,737,0,6581,0,166,0,1050,728,159,6471,1052,1486,fill
2024-10-20,0,737,0,6581,0,166,0,1050,728,159,6471,1052,1486,fill
2024-10-21,0,737,0,6581,0,166,0,1050,731,159,6530,1079,1527,un
2024-10-22,0,737,0,6581,0,166,0,1050,731,159,6530,1079,1527,fill
2024-10-23,0,737,0,6581,0,166,0,1050,731,159,6530,1079,1527,fill
2024-10-24,0,737,0,6581,0,166,0,1050,731,159,6530,1079,1527,fill
2024-10-25,0,737,1,6582,0,166,0,1050,731,159,6530,1079,1527,fill
2024-10-26,0,737,0,6582,0,166,0,1050,731,159,6530,1079,1527,fill
2024-10-27,0,737,0,6582,0,166,0,1050,731,159,6530,1079,1527,fill
2024-10-28,0,737,17,6599,0,166,3,1053,735,160,6565,1089,1597,un
2024-10-29,0,737,0,6599,0,166,0,1053,735,160,6565,1089,1597,fill
2024-10-30,0,737,1,6600,0,166,0,1053,735,160,6565,1089,1597,fill
2024-10-31,0,737,0,6600,0,166,0,1053,735,160,6565,1089,1597,fill
2024-11-01,0,737,,,0,166,,,735,160,6565,1089,1597,fill
2024-11-02,0,737,,,0,166,,,735,160,6565,1089,1597,fill
2024-11-03,1,738,,,1,167,,,735,160,6565,1089,1597,fill
2024-11-04,0,738,,,0,167,,,740,161,6587,1093,1632,fill
2024-11-05,0,738,,,0,167,,,740,161,6587,1093,1632,fill
2024-11-06,1,739,,,0,167,,,740,161,6587,1093,1632,fill
2024-11-07,0,739,,,0,167,,,740,161,6587,1093,1632,fill
2024-11-08,0,739,,,0,167,,,740,161,6587,1093,1632,fill
2024-11-09,0,739,,,0,167,,,740,161,6587,1093,1632,fill
2024-11-10,0,739,,,0,167,,,740,161,6587,1093,1632,fill
2024-11-11,0,739,,,0,167,,,751,161,6598,1109,1655,un
2024-11-12,0,739,,,0,167,,,751,161,6598,1109,1655,fill
2024-11-13,2,741,,,0,167,,,751,161,6598,1109,1655,fill
2024-11-14,,,,,,,,,751,161,6598,1109,1655,fill
2024-11-15,,,,,,,,,751,161,6598,1109,1655,fill
2024-11-16,,,,,,,,,751,161,6598,1109,1655,fill
2024-11-17,,,,,,,,,751,161,6598,1109,1655,fill
2024-11-18,,,,,,,,,755,162,6641,1134,1680,un
2024-11-19,,,,,,,,,755,162,6641,1134,1680,fill
2024-11-20,,,,,,,,,755,162,6641,1134,1680,fill
2024-11-21,,,,,,,,,755,162,6641,1134,1680,fill
2024-11-22,,,,,,,,,755,162,6641,1134,1680,fill
2024-11-23,,,,,,,,,755,162,6641,1134,1680,fill
2024-11-24,,,,,,,,,755,162,6641,1134,1680,fill
2024-11-25,,,,,,,,,764,163,6678,1146,1695,un
2024-11-26,,,,,,,,,764,163,6678,1146,1695,fill
2024-11-27,,,,,,,,,764,163,6678,1146,1695,fill
2024-11-28,,,,,,,,,764,163,6678,1146,1695,fill
2024-11-29,,,,,,,,,764,163,6678,1146,1695,fill
2024-11-30,,,,,,,,,764,163,6678,1146,1695,fill
2024-12-01,,,,,,,,,764,163,6678,1146,1695,fill
2024-12-02,,,,,,,,,769,163,6705,1153,1716,un
2024-12-03,,,,,,,,,769,163,6705,1153,1716,fill
2024-12-04,,,,,,,,,769,163,6705,1153,1716,fill
2024-12-05,,,,,,,,,769,163,6705,1153,1716,fill
2024-12-06,,,,,,,,,769,163,6705,1153,1716,fill
2024-12-07,,,,,,,,,769,163,6705,1153,1716,fill
2024-12-08,,,,,,,,,769,163,6705,1153,1716,fill
2024-12-09,,,,,,,,,777,164,6744,1167,1736,fill
2024-12-10,,,,,,,,,777,164,6744,1167,1736,fill
2024-12-11,,,,,,,,,777,164,6744,1167,1736,fill
2024-12-12,,,,,,,,,777,164,6744,1167,1736,fill
2024-12-13,,,,,,,,,777,164,6744,1167,1736,fill
2024-12-14,,,,,,,,,777,164,6744,1167,1736,fill
2024-12-15,,,,,,,,,777,164,6744,1167,1736,fill
2024-12-16,,,,,,,,,781,164,6775,1178,1768,un
2024-12-17,,,,,,,,,781,164,6775,1178,1768,fill
2024-12-18,,,,,,,,,781,164,6775,1178,1768,fill
2024-12-19,,,,,,,,,781,164,6775,1178,1768,fill
2024-12-20,,,,,,,,,781,164,6775,1178,1768,fill
2024-12-21,,,,,,,,,781,164,6775,1178,1768,fill
2024-12-22,,,,,,,,,781,164,6775,1178,1768,fill
2024-12-23,,,,,,,,,791,165,6811,1188,1778,un
2024-12-24,,,,,,,,,791,165,6811,1188,1778,fill
2024-12-25,,,,,,,,,791,165,6811,1188,1778,fill
2024-12-26,,,,,,,,,791,165,6811,1188,1778,fill
2024-12-27,,,,,,,,,791,165,6811,1188,1778,fill
2024-12-28,,,,,,,,,791,165,6811,1188,1778,fill
2024-12-29,,,,,,,,,791,165,6811,1188,1778,fill
2024-12-30,,,,,,,,,802,167,6860,1188,1797,un
2024-12-31,,,,,,,,,802,167,6860,1188,1797,fill
2025-01-01,,,,,,,,,802,167,6860,1188,1797,fill
2025-01-02,,,,,,,,,802,167,6860,1188,1797,fill
2025-01-03,,,,,,,,,802,167,6860,1188,1797,fill
2025-01-04,,,,,,,,,802,167,6860,1188,1797,fill
2025-01-05,,,,,,,,,802,167,6860,1188,1797,fill
2025-01-06,,,,,,,,,805,168,6898,1194,1811,un
2025-01-07,,,,,,,,,805,168,6898,1194,1811,fill
2025-01-08,,,,,,,,,805,168,6898,1194,1811,fill
2025-01-09,,,,,,,,,805,168,6898,1194,1811,fill
2025-01-10,,,,,,,,,805,168,6898,1194,1811,fill
2025-01-11,,,,,,,,,805,168,6898,1194,1811,fill
2025-01-12,,,,,,,,,805,168,6898,1194,1811,fill
2025-01-13,,,,,,,,,811,171,6936,1202,1833,un
2025-01-14,,,,,,,,,811,171,6936,1202,1833,fill
2025-01-15,,,,,,,,,811,171,6936,1202,1833,fill
2025-01-16,,,,,,,,,811,171,6936,1202,1833,fill
2025-01-17,,,,,,,,,811,171,6936,1202,1833,fill
2025-01-18,,,,,,,,,811,171,6936,1202,1833,fill
2025-01-19,,,,,,,,,811,171,6936,1202,1833,fill
2025-01-20,,,,,,,,,824,173,7035,1228,1870,fill
2025-01-21,,,,,,,,,824,173,7035,1228,1870,fill
2025-01-22,,,,,,,,,824,173,7035,1228,1870,fill
2025-01-23,,,,,,,,,824,173,7035,1228,1870,fill
2025-01-24,,,,,,,,,824,173,7035,1228,1870,fill
2025-01-25,,,,,,,,,824,173,7035,1228,1870,fill
2025-01-26,,,,,,,,,824,173,7035,1228,1870,fill
2025-01-27,,,,,,,,,844,175,7116,1239,1887,un
2025-01-28,,,,,,,,,844,175,7116,1239,1887,fill
2025-01-29,,,,,,,,,844,175,7116,1239,1887,fill
2025-01-30,,,,,,,,,844,175,7116,1239,1887,fill
2025-01-31,,,,,,,,,844,175,7116,1239,1887,fill
2025-02-01,,,,,,,,,844,175,7116,1239,1887,fill
2025-02-02,,,,,,,,,844,175,7116,1239,1887,fill
2025-02-03,,,,,,,,,867,177,7266,1271,1904,un
2025-02-04,,,,,,,,,867,177,7266,1271,1904,fill
2025-02-05,,,,,,,,,867,177,7266,1271,1904,fill
2025-02-06,,,,,,,,,867,177,7266,1271,1904,fill
2025-02-07,,,,,,,,,867,177,7266,1271,1904,fill
2025-02-08,,,,,,,,,867,177,7266,1271,1904,fill
2025-02-09,,,,,,,,,867,177,7266,1271,1904,fill
2025-02-10,,,,,,,,,872,178,7315,1279,1919,un
2025-02-11,,,,,,,,,872,178,7315,1279,1919,fill
2025-02-12,,,,,,,,,872,178,7315,1279,1919,fill
2025-02-13,,,,,,,,,872,178,7315,1279,1919,fill
2025-02-14,,,,,,,,,872,178,7315,1279,1919,fill
2025-02-15,,,,,,,,,872,178,7315,1279,1919,fill
2025-02-16,,,,,,,,,872,178,7315,1279,1919,fill
2025-02-17,,,,,,,,,878,180,7333,1286,1953,un
2025-02-18,,,,,,,,,878,180,7333,1286,1953,fill
2025-02-19,,,,,,,,,878,180,7333,1286,1953,fill
2025-02-20,,,,,,,,,878,180,7333,1286,1953,fill
2025-02-21,,,,,,,,,878,180,7333,1286,1953,fill
2025-02-22,,,,,,,,,878,180,7333,1286,1953,fill
2025-02-23,,,,,,,,,878,180,7333,1286,1953,fill
2025-02-24,,,,,,,,,883,180,7372,1294,1977,un
2025-02-25,,,,,,,,,883,180,7372,1294,1977,fill
2025-02-26,,,,,,,,,883,180,7372,1294,1977,fill
2025-02-27,,,,,,,,,883,180,7372,1294,1977,fill
2025-02-28,,,,,,,,,883,180,7372,1294,1977,fill
2025-03-01,,,,,,,,,883,180,7372,1294,1977,fill
2025-03-02,,,,,,,,,883,180,7372,1294,1977,fill
2025-03-03,,,,,,,,,886,181,7436,1308,2001,un
2025-03-04,,,,,,,,,886,181,7436,1308,2001,fill
2025-03-05,,,,,,,,,886,181,7436,1308,2001,fill
2025-03-06,,,,,,,,,886,181,7436,1308,2001,fill
2025-03-07,,,,,,,,,886,181,7436,1308,2001,fill
2025-03-08,,,,,,,,,886,181,7436,1308,2001,fill
2025-03-09,,,,,,,,,886,181,7436,1308,2001,fill
2025-03-10,,,,,,,,,890,181,7498,1320,2017,un
2025-03-11,,,,,,,,,890,181,7498,1320,2017,fill
2025-03-12,,,,,,,,,890,181,7498,1320,2017,fill
2025-03-13,,,,,,,,,890,181,7498,1320,2017,fill
2025-03-14,,,,,,,,,890,181,7498,1320,2017,fill
2025-03-15,,,,,,,,,890,181,7498,1320,2017,fill
2025-03-16,,,,,,,,,890,181,7498,1320,2017,fill
2025-03-17,,,,,,,,,895,181,7580,1333,2051,un
2025-03-18,,,,,,,,,895,181,7580,1333,2051,fill
2025-03-19,,,,,,,,,895,181,7580,1333,2051,fill
2025-03-20,,,,,,,,,895,181,7580,1333,2051,fill
2025-03-21,,,,,,,,,895,181,7580,1333,2051,fill
2025-03-22,,,,,,,,,895,181,7580,1333,2051,fill
2025-03-23,,,,,,,,,895,181,7580,1333,2051,fill
2025-03-24,,,,,,,,,897,181,7613,1337,2058,un
2025-03-25,,,,,,,,,897,181,7613,1337,2058,fill
2025-03-26,,,,,,,,,897,181,7613,1337,2058,fill
2025-03-27,,,,,,,,,897,181,7613,1337,2058,fill
2025-03-28,,,,,,,,,897,181,7613,1337,2058,fill
2025-03-29,,,,,,,,,897,181,7613,1337,2058,fill
2025-03-30,,,,,,,,,897,181,7613,1337,2058,fill
2025-03-31,,,,,,,,,897,181,7613,1337,2058,fill
2025-04-01,,,,,,,,,897,181,7613,1337,2058,fill
2025-04-02,,,,,,,,,897,181,7613,1337,2058,fill
2025-04-03,,,,,,,,,897,181,7613,1337,2058,fill
2025-04-04,,,,,,,,,897,181,7613,1337,2058,fill
2025-04-05,,,,,,,,,897,181,7613,1337,2058,fill
2025-04-06,,,,,,,,,897,181,7613,1337,2058,fill
2025-04-07,,,,,,,,,906,183,7743,1371,2102,un
2025-04-08,,,,,,,,,906,183,7743,1371,2102,fill
2025-04-09,,,,,,,,,906,183,7743,1371,2102,fill
2025-04-10,,,,,,,,,906,183,7743,1371,2102,fill
2025-04-11,,,,,,,,,906,183,7743,1371,2102,fill
2025-04-12,,,,,,,,,906,183,7743,1371,2102,fill
2025-04-13,,,,,,,,,906,183,7743,1371,2102,fill
2025-04-14,,,,,,,,,908,184,7853,1392,2118,un
2025-04-15,,,,,,,,,908,184,7853,1392,2118,fill
2025-04-16,,,,,,,,,908,184,7853,1392,2118,fill
2025-04-17,,,,,,,,,908,184,7853,1392,2118,fill
2025-04-18,,,,,,,,,908,184,7853,1392,2118,fill
2025-04-19,,,,,,,,,908,184,7853,1392,2118,fill
2025-04-20,,,,,,,,,908,184,7853,1392,2118,fill
2025-04-21,,,,,,,,,914,185,7885,1404,2141,un
2025-04-22,,,,,,,,,914,185,7885,1404,2141,fill
2025-04-23,,,,,,,,,914,185,7885,1404,2141,fill
2025-04-24,,,,,,,,,914,185,7885,1404,2141,fill
2025-04-25,,,,,,,,,914,185,7885,1404,2141,fill
2025-04-26,,,,,,,,,914,185,7885,1404,2141,fill
2025-04-27,,,,,,,,,914,185,7885,1404,2141,fill
2025-04-28,,,,,,,,,917,187,7934,1414,2155,un
2025-04-29,,,,,,,,,917,187,7934,1414,2155,fill
2025-04-30,,,,,,,,,917,187,7934,1414,2155,fill
2025-05-01,,,,,,,,,917,187,7934,1414,2155,fill
2025-05-02,,,,,,,,,917,187,7934,1414,2155,fill
2025-05-03,,,,,,,,,917,187,7934,1414,2155,fill
2025-05-04,,,,,,,,,917,187,7934,1414,2155,fill
2025-05-05,,,,,,,,,920,187,7991,1420,2168,un
2025-05-06,,,,,,,,,920,187,7991,1420,2168,fill
2025-05-07,,,,,,,,,920,187,7991,1420,2168,fill
2025-05-08,,,,,,,,,920,187,7991,1420,2168,fill
2025-05-09,,,,,,,,,920,187,7991,1420,2168,fill
2025-05-10,,,,,,,,,920,187,7991,1420,2168,fill
2025-05-11,,,,,,,,,920,187,7991,1420,2168,fill
2025-05-12,,,,,,,,,924,187,8095,1436,2182,un
2025-05-13,,,,,,,,,924,187,8095,1436,2182,fill
2025-05-14,,,,,,,,,924,187,8095,1436,2182,fill
2025-05-15,,,,,,,,,924,187,8095,1436,2182,fill
2025-05-16,,,,,,,,,924,187,8095,1436,2182,fill
2025-05-17,,,,,,,,,924,187,8095,1436,2182,fill
2025-05-18,,,,,,,,,924,187,8095,1436,2182,fill
2025-05-19,,,,,,,,,932,187,8140,1436,2210,un
2025-05-20,,,,,,,,,932,187,8140,1436,2210,fill
2025-05-21,,,,,,,,,932,187,8140,1436,2210,fill
2025-05-22,,,,,,,,,932,187,8140,1436,2210,fill
2025-05-23,,,,,,,,,932,187,8140,1436,2210,fill
2025-05-24,,,,,,,,,932,187,8140,1436,2210,fill
2025-05-25,,,,,,,,,932,187,8140,1436,2210,fill
2025-05-26,,,,,,,,,932,187,8155,1438,2235,un
2025-05-27,,,,,,,,,932,187,8155,1438,2235,fill
2025-05-28,,,,,,,,,932,187,8155,1438,2235,fill
2025-05-29,,,,,,,,,932,187,8155,1438,2235,fill
2025-05-30,,,,,,,,,932,187,8155,1438,2235,fill
2025-05-31,,,,,,,,,932,187,8155,1438,2235,fill
2025-06-01,,,,,,,,,932,187,8155,1438,2235,fill
2025-06-02,,,,,,,,,936,188,8228,1453,2267,un
2025-06-03,,,,,,,,,936,188,8228,1453,2267,fill
2025-06-04,,,,,,,,,936,188,8228,1453,2267,fill
2025-06-05,,,,,,,,,936,188,8228,1453,2267,fill
2025-06-06,,,,,,,,,936,188,8228,1453,2267,fill
2025-06-07,,,,,,,,,936,188,8228,1453,2267,fill
2025-06-08,,,,,,,,,936,188,8228,1453,2267,fill
2025-06-09,,,,,,,,,936,188,8228,1453,2267,fill
2025-06-10,,,,,,,,,936,188,8228,1453,2267,fill
2025-06-11,,,,,,,,,936,188,8228,1453,2267,fill
2025-06-12,,,,,,,,,936,188,8228,1453,2267,fill
2025-06-13,,,,,,,,,936,188,8228,1453,2267,fill
2025-06-14,,,,,,,,,936,188,8228,1453,2267,fill
2025-06-15,,,,,,,,,936,188,8228,1453,2267,fill
2025-06-16,,,,,,,,,941,188,8368,1478,2313,un
2025-06-17,,,,,,,,,941,188,8368,1478,2313,fill
2025-06-18,,,,,,,,,941,188,8368,1478,2313,fill
2025-06-19,,,,,,,,,941,188,8368,1478,2313,fill
2025-06-20,,,,,,,,,941,188,8368,1478,2313,fill
2025-06-21,,,,,,,,,941,188,8368,1478,2313,fill
2025-06-22,,,,,,,,,941,188,8368,1478,2313,fill
2025-06-23,,,,,,,,,943,189,8434,1484,2336,un
2025-06-24,,,,,,,,,943,189,8434,1484,2336,fill
2025-06-25,,,,,,,,,943,189,8434,1484,2336,fill
2025-06-26,,,,,,,,,943,189,8434,1484,2336,fill
2025-06-27,,,,,,,,,943,189,8434,1484,2336,fill
2025-06-28,,,,,,,,,943,189,8434,1484,2336,fill
2025-06-29,,,,,,,,,943,189,8434,1484,2336,fill
2025-06-30,,,,,,,,,948,190,8483,1486,2364,un
2025-07-01,,,,,,,,,948,190,8483,1486,2364,fill
2025-07-02,,,,,,,,,948,190,8483,1486,2364,fill
2025-07-03,,,,,,,,,948,190,8483,1486,2364,fill
2025-07-04,,,,,,,,,948,190,8483,1486,2364,fill
2025-07-05,,,,,,,,,948,190,8483,1486,2364,fill
2025-07-06,,,,,,,,,948,190,8483,1486,2364,fill
2025-07-07,,,,,,,,,953,191,8570,1501,2391,un
2025-07-08,,,,,,,,,953,191,8570,1501,2391,fill
2025-07-09,,,,,,,,,953,191,8570,1501,2391,fill
2025-07-10,,,,,,,,,953,191,8570,1501,2391,fill
2025-07-11,,,,,,,,,953,191,8570,1501,2391,fill
2025-07-12,,,,,,,,,953,191,8570,1501,2391,fill
2025-07-13,,,,,,,,,953,191,8570,1501,2391,fill
2025-07-14,,,,,,,,,960,192,8685,1511,2421,un
2025-07-15,,,,,,,,,960,192,8685,1511,2421,fill
2025-07-16,,,,,,,,,960,192,8685,1511,2421,fill
2025-07-17,,,,,,,,,960,192,8685,1511,2421,fill
2025-07-18,,,,,,,,,960,192,8685,1511,2421,fill
2025-07-19,,,,,,,,,960,192,8685,1511,2421,fill
2025-07-20,,,,,,,,,960,192,8685,1511,2421,fill
2025-07-21,,,,,,,,,963,193,8730,1516,2448,un
2025-07-22,,,,,,,,,963,193,8730,1516,2448,fill
2025-07-23,,,,,,,,,963,193,8730,1516,2448,fill
2025-07-24,,,,,,,,,963,193,8730,1516,2448,fill
2025-07-25,,,,,,,,,963,193,8730,1516,2448,fill
2025-07-26,,,,,,,,,963,193,8730,1516,2448,fill
2025-07-27,,,,,,,,,963,193,8730,1516,2448,fill
2025-07-28,,,,,,,,,972,198,8747,1522,2472,un
2025-07-29,,,,,,,,,972,198,8747,1522,2472,fill
2025-07-30,,,,,,,,,972,198,8747,1522,2472,fill
2025-07-31,,,,,,,,,972,198,8747,1522,2472,fill
2025-08-01,,,,,,,,,972,198,8747,1522,2472,fill
2025-08-02,,,,,,,,,972,198,8747,1522,2472,fill
2025-08-03,,,,,,,,,972,198,8747,1522,2472,fill
2025-08-04,,,,,,,,,974,198,8804,1533,2513,un
2025-08-05,,,,,,,,,974,198,8804,1533,2513,fill
2025-08-06,,,,,,,,,974,198,8804,1533,2513,fill
2025-08-07,,,,,,,,,974,198,8804,1533,2513,fill
2025-08-08,,,,,,,,,974,198,8804,1533,2513,fill
2025-08-09,,,,,,,,,974,198,8804,1533,2513,fill
2025-08-10,,,,,,,,,974,198,8804,1533,2513,fill
2025-08-11,,,,,,,,,975,198,8835,1539,2540,un
2025-08-12,,,,,,,,,975,198,8835,1539,2540,fill
2025-08-13,,,,,,,,,975,198,8835,1539,2540,fill
2025-08-14,,,,,,,,,975,198,8835,1539,2540,fill
2025-08-15,,,,,,,,,975,198,8835,1539,2540,fill
2025-08-16,,,,,,,,,975,198,8835,1539,2540,fill
2025-08-17,,,,,,,,,975,198,8835,1539,2540,fill
2025-08-18,,,,,,,,,977,198,8853,1541,2569,un
2025-08-19,,,,,,,,,977,198,8853,1541,2569,fill
2025-08-20,,,,,,,,,977,198,8853,1541,2569,fill
2025-08-21,,,,,,,,,977,198,8853,1541,2569,fill
2025-08-22,,,,,,,,,977,198,8853,1541,2569,fill
2025-08-23,,,,,,,,,977,198,8853,1541,2569,fill
2025-08-24,,,,,,,,,977,198,8853,1541,2569,fill
2025-08-25,,,,,,,,,977,198,8853,1541,2569,un
2025-08-26,,,,,,,,,977,198,8853,1541,2569,fill
2025-08-27,,,,,,,,,977,198,8853,1541,2569,fill
2025-08-28,,,,,,,,,978,198,8878,1552,2584,fill
2025-08-29,,,,,,,,,978,198,8878,1552,2584,fill
2025-08-30,,,,,,,,,978,198,8878,1552,2584,fill
2025-08-31,,,,,,,,,978,198,8878,1552,2584,fill
2025-09-01,,,,,,,,,978,198,9088,1605,2608,un
2025-09-02,,,,,,,,,978,198,9088,1605,2608,fill
2025-09-03,,,,,,,,,978,198,9088,1605,2608,fill
2025-09-04,,,,,,,,,978,198,9088,1605,2608,fill
2025-09-05,,,,,,,,,978,198,9088,1605,2608,fill
2025-09-06,,,,,,,,,978,198,9088,1605,2608,fill
2025-09-07,,,,,,,,,978,198,9088,1605,2608,fill
2025-09-08,,,,,,,,,984,200,9144,1617,2637,un
2025-09-09,,,,,,,,,984,200,9144,1617,2637,fill
2025-09-10,,,,,,,,,984,200,9144,1617,2637,fill
2025-09-11,,,,,,,,,984,200,9144,1617,2637,fill
2025-09-12,,,,,,,,,984,200,9144,1617,2637,fill
2025-09-13,,,,,,,,,984,200,9144,1617,2637,fill
2025-09-14,,,,,,,,,984,200,9144,1617,2637,fill
2025-09-15,,,,,,,,,986,200,9183,1622,2662,un
2025-09-16,,,,,,,,,986,200,9183,1622,2662,fill
2025-09-17,,,,,,,,,986,200,9183,1622,2662,fill
2025-09-18,,,,,,,,,986,200,9183,1622,2662,fill
2025-09-19,,,,,,,,,986,200,9183,1622,2662,fill
2025-09-20,,,,,,,,,986,200,9183,1622,2662,fill
2025-09-21,,,,,,,,,986,200,9183,1622,2662,fill
2025-09-22,,,,,,,,,988,200,9238,1628,2690,un
2025-09-23,,,,,,,,,988,200,9238,1628,2690,fill
2025-09-24,,,,,,,,,988,200,9238,1628,2690,fill
2025-09-25,,,,,,,,,988,200,9238,1628,2690,fill
2025-09-26,,,,,,,,,988,200,9238,1628,2690,fill
2025-09-27,,,,,,,,,988,200,9238,1628,2690,fill
2025-09-28,,,,,,,,,988,200,9238,1628,2690,fill
2025-09-29,,,,,,,,,992,200,9284,1655,2690,un
2025-09-30,,,,,,,,,992,200,9284,1655,2690,fill
2025-10-01,,,,,,,,,992,200,9284,1655,2690,fill
2025-10-02,,,,,,,,,992,200,9284,1655,2690,fill
2025-10-03,,,,,,,,,992,200,9284,1655,2690,fill
2025-10-04,,,,,,,,,992,200,9284,1655,2690,fill
2025-10-05,,,,,,,,,992,200,9284,1655,2690,fill
2025-10-06,,,,,,,,,994,200,9322,1660,2715,un
2025-10-07,,,,,,,,,994,200,9322,1660,2715,fill
2025-10-08,,,,,,,,,994,200,9322,1660,2715,fill
2025-10-09,,,,,,,,,994,200,9322,1660,2715,fill
2025-10-10,,,,,,,,,994,200,9322,1660,2715,fill
2025-10-11,,,,,,,,,994,200,9322,1660,2715,fill
2025-10-12,,,,,,,,,994,200,9322,1660,2715,fill
2025-10-13,,,,,,,,,996,200,9478,1672,2786,un
2025-10-14,,,,,,,,,996,200,9478,1672,2786,fill
2025-10-15,,,,,,,,,996,200,9478,1672,2786,fill
2025-10-16,,,,,,,,,996,200,9478,1672,2786,fill
2025-10-17,,,,,,,,,996,200,9478,1672,2786,fill
2025-10-18,,,,,,,,,996,200,9478,1672,2786,fill
2025-10-19,,,,,,,,,996,200,9478,1672,2786,fill
2025-10-20,,,,,,,,,999,201,9559,1682,2835,un
2025-10-21,,,,,,,,,999,201,9559,1682,2835,fill
2025-10-22,,,,,,,,,999,201,9559,1682,2835,fill
2025-10-23,,,,,,,,,999,201,9559,1682,2835,fill
2025-10-24,,,,,,,,,999,201,9559,1682,2835,fill
2025-10-25,,,,,,,,,999,201,9559,1682,2835,fill
2025-10-26,,,,,,,,,999,201,9559,1682,2835,fill
2025-10-27,,,,,,,,,1001,201,9611,1690,2895,un
2025-10-28,,,,,,,,,1001,201,9611,1690,2895,fill
2025-10-29,,,,,,,,,1001,201,9611,1690,2895,fill
2025-10-30,,,,,,,,,1001,201,9611,1690,2895,fill
2025-10-31,,,,,,,,,1001,201,9611,1690,2895,fill
2025-11-01,,,,,,,,,1001,201,9611,1690,2895,fill
2025-11-02,,,,,,,,,1001,201,9611,1690,2895,fill
2025-11-03,,,,,,,,,1007,203,9629,1690,2939,un
2025-11-04,,,,,,,,,1007,203,9629,1690,2939,fill
2025-11-05,,,,,,,,,1007,203,9629,1690,2939,fill
2025-11-06,,,,,,,,,1007,203,9629,1690,2939,fill
2025-11-07,,,,,,,,,1007,203,9629,1690,2939,fill
2025-11-08,,,,,,,,,1007,203,9629,1690,2939,fill
2025-11-09,,,,,,,,,1007,203,9629,1690,2939,fill
2025-11-10,,,,,,,,,1011,206,9674,1697,2968,un
2025-11-11,,,,,,,,,1011,206,9674,1697,2968,fill
2025-11-12,,,,,,,,,1011,206,9674,1697,2968,fill
2025-11-13,,,,,,,,,1011,206,9674,1697,2968,fill
2025-11-14,,,,,,,,,1011,206,9674,1697,2968,fill
2025-11-15,,,,,,,,,1011,206,9674,1697,2968,fill
2025-11-16,,,,,,,,,1011,206,9674,1697,2968,fill
2025-11-17,,,,,,,,,1011,206,9674,1697,2968,fill
2025-11-18,,,,,,,,,1011,206,9674,1697,2968,fill
2025-11-19,,,,,,,,,1011,206,9674,1697,2968,fill
2025-11-20,,,,,,,,,1011,206,9674,1697,2968,fill